sta,lat,lon
AAOT,45.3139,12.5083
Abracos_Hill,-10.76,-62.358333
Abu_Al_Bukhoosh,25.495,53.145833
Abu_Dhabi,24.476111,54.328889
AgiaMarina_Xyliatou,35.038,33.0577
Agoufou,15.3454,-1.479117
Ahmedabad,23.016667,72.516667
Al_Ain,24.242167,55.705167
Al_Khaznah,24.158611,55.100556
Al_Qlaa,24.133333,53.033333
Alboran,35.939625,-3.35297
Alishan,23.50844,120.81341
Alta_Floresta,-9.871339,-56.104453
Amazon_ATTO_Tower,-2.144117,-58.999867
Ames,42.021361,-93.774778
Amity_Univ_Gurgaon,28.317329,76.916031
Andenes,69.278333,16.008611
Andros_Island,24.7,-77.8
Anmyon,36.538537,126.330194
Antikythera_NOA,35.86099,23.30982
AOE_Baotou,40.8517,109.6288
Appalachian_State,36.2146,-81.6938
Appledore_Island,42.987064,-70.615361
Aras_de_los_Olmos,39.945,-1.1016
Arcachon,44.663528,-1.163222
ARIAKE_TOWER,33.103617,130.27195
Arica,-18.471667,-70.313333
ARM_Ascension_Is,-7.966964,-14.349806
ARM_Darwin,-12.425,130.891
ARM_Graciosa,39.09109,-28.02917
ARM_Highlands_MA,42.030478,-70.049317
ARM_Manacapuru,-3.212972,-60.598056
ARM_Nainital,29.35883,79.45827
ARM_Oliktok_AK,70.4995,-149.88
ARM_SGP,36.605175,-97.485619
Ascension_Island,-7.976389,-14.414722
ATHENS-NOA,37.9721,23.718
Aubiere_LAMP,45.76096,3.111072
Autilla,41.997222,-4.603056
Avignon,43.93275,4.878067
Bac_Giang,21.291416,106.225472
Bac_Lieu,9.28,105.73
Bach_Long_Vy,20.133321,107.733339
BackGarden_GZ,23.296,113.021
Badajoz,38.882808,-7.01082
Baengnyeong,37.966111,124.630278
Bahrain,26.20805,50.609267
Bakersfield,35.331506,-119.000008
Balbina,-1.916983,-59.4868
Bambey-ISRA,14.708567,-16.476733
Bandung,-6.888417,107.61
Baneasa,44.511333,26.077806
Banizoumbou,13.54693,2.66519
Barbados,13.148575,-59.624122
Barbados_SALTRACE,13.148513,-59.624839
Barcelona,41.38925,2.11206
Bareilly,28.38996,79.43696
Bari_University,41.108327,16.883983
Barrow,71.3122,-156.665
Baskin,32.28222,-91.73866
Bayfordbury,51.77632,-0.09624
Beijing,39.97689,116.38137
Beijing_RADI,40.0048,116.3786
Beijing-CAMS,39.93333,116.31667
Belsk,51.836667,20.791667
Belterra,-2.648483,-54.95165
Ben_Salem,35.55055,9.914003
Berlin_FUB,52.4575,13.310333
Bermuda,32.37,-64.696111
Bethlehem,-28.248333,28.333333
Bhola,22.226675,90.756415
Billerica,42.528347,-71.268619
Birdsville,-25.89893,139.34596
Birkenes,58.38845,8.25231
Blida,36.508333,2.880556
Bodele,16.883,18.55
Bolzano,46.4569,11.33
Bonanza,-21.825556,19.590278
Bonanza_Creek,64.742805,-148.316269
BONDVILLE,40.053333,-88.371944
BORDEAUX,44.788028,-0.579167
Bordj_Badji_Mokhtar,21.38,0.92
Boyd_County_MS,38.427461,-82.700033
Bozeman,45.662204,-111.045013
Brasilia,-15.917,-47.900002
Brasilia_SONDA,-15.60129,-47.71348
Bratts_Lake,50.204238,-104.713013
Brest_MF,48.444565,-4.411855
Brisbane-Uni_of_QLD,-27.497083,153.013611
Brno_Airport,49.15647,16.68333
Brookhaven,40.866,-72.8847
Brussels,50.783332,4.35
BSRN_BAO_Boulder,40.045183,-105.006033
Bucarest,44.45,26.525
Bucharest_Inoe,44.348311,26.02805
Buesum,54.13225,8.878797
Bujumbura,-3.38,29.383833
Bukit_Kototabang,-0.20194,100.31805
Bure_OPE,48.5625,5.505
Burjassot,39.507,-0.4202
Cabauw,51.971,4.927
Cabo_da_Roca,38.781722,-9.497667
Cabo_Raso,38.70937,-9.48587
Caceres,39.478583,-6.343467
Cagliari,39.281,9.052333
Caillouel_COBIACC,49.619914,3.12681
Cairo_EMA,30.080767,31.290067
Cairo_University,30.026167,31.207317
Caldwell_Parish_HS,32.060303,-92.096277
Calern_OCA,43.752207,6.923153
Calhau,16.863889,-24.867222
Calipso_Zion,39.932389,-76.199
CalTech,34.13673,-118.126167
Camaguey,21.4223,-77.8499
Camborne_MO,50.21782,-5.32656
Campo_Grande,-20.45,-54.616667
Campo_Grande_SONDA,-20.438617,-54.538742
CAMPO_VERDE,-15.561667,-55.175
Canberra,-35.2713,149.1111
Cap_d_En_Font,39.825722,4.208167
Cape_Fuguei_Station,25.297452,121.537859
Cape_Romain,32.941,-79.6572
Cape_San_Juan,18.3845,-65.6199
Capo_Verde,16.7325,-22.935499
Carloforte,39.139908,8.309875
Carpentras,44.083333,5.058333
CARTEL,45.379754,-71.93133
CATUC_Bamenda,5.9491,10.1563
CCNY,40.821313,-73.949036
CEILAP-BA,-34.555425,-58.506411
CEILAP-Neuquen,-38.95222,-68.13666
CENER,42.816424,-1.602187
Cerro_Poyos,37.108869,-3.487261
Chao_Jou,22.513056,120.529167
Chapais,49.822433,-74.9754
Chen-Kung_Univ,22.993419,120.204664
Chequamegon,45.933333,-90.25
Chiang_Mai,18.813333,98.986944
Chiang_Mai_Met_Sta,18.771125,98.972467
Chiayi,23.495975,120.495975
Chiba_University,35.6247,140.1038
Chilbolton,51.14446,-1.43698
Chinhae,35.1558,128.652433
Chulalongkorn,13.736111,100.530278
Churchill,58.736,-93.818167
CLUJ_UBB,46.768333,23.551389
Columbia_SC,34.022803,-81.036333
Concepcion,-16.138167,-62.028
Corcoran,36.10343,-119.5661
Cordoba-CETT,-31.524075,-64.463682
Cork_UCC,51.89241,-8.493762
Coruna,43.363,-8.4208
COVE,36.9,-75.71
Creteil,48.7885,2.442783
CRPSM_Malindi,-2.996,40.1945
Cuiaba,-15.555244,-56.070214
CUIABA-MIRANDA,-15.73091,-56.07086
CUT-TEPAK,34.674806,33.04275
Dahkla,23.716667,-15.95
Dakar,14.394167,-16.958611
Dalanzadgad,43.577222,104.419167
Dalma,24.502222,52.331667
Darwin,-12.424,130.8915
Dayton,39.775977,-84.109618
Denver_LaCasa,39.77949,-105.00518
Dhabi,24.480556,54.382778
Dhadnah,25.512817,56.324717
Dhaka_University,23.72839,90.39819
DigitalGlobe_Cal,40.13889,-105.13722
Djougou,9.76007,1.59901
DMN_Maine_Soroa,13.216717,12.023067
Doi_Ang_Khang,19.93245,99.0454
DRAGON_ABERD,39.515103,-76.16523
DRAGON_Aldine,29.901037,-95.326125
DRAGON_Aldino,39.563433,-76.203932
DRAGON_Anmyeon,36.53863,126.33002
DRAGON_ANNEA,39.1647,-76.6247
DRAGON_ARNCC,39.1589,-76.7208
DRAGON_ARNLS,39.058488,-76.512926
DRAGON_Arvin,35.237959,-118.78781
DRAGON_Aurora_East,39.63854,-104.56913
DRAGON_Bainbridge,39.606044,-76.074122
DRAGON_BATMR,39.398913,-76.47555
DRAGON_BelAir,39.500014,-76.263098
DRAGON_Beltsville,39.054091,-76.877491
DRAGON_BLDND,39.258315,-76.519504
DRAGON_BLLRT,39.389385,-76.578242
DRAGON_BLTCC,39.362201,-76.688429
DRAGON_BLTIM,39.263145,-76.651066
DRAGON_BLTNR,39.2156,-76.6186
DRAGON_Bokjeong,37.45699,127.13123
DRAGON_BOWEM,38.9747,-76.7506
DRAGON_BTMDL,39.238826,-76.441601
DRAGON_Channel_View,29.8025,-95.125556
DRAGON_CHASE,38.978612,-77.080002
DRAGON_Chatfield_Pk,39.5345,-105.070365
DRAGON_Clinton,29.733611,-95.2575
DRAGON_CLLGP,38.9911,-76.9086
DRAGON_Clovis,36.81931,-119.71639
DRAGON_CLRST,39.20541,-76.94445
DRAGON_Conroe,30.350278,-95.425
DRAGON_Corcoran,36.10222,-119.56583
DRAGON_CPSDN,39.110656,-76.462915
DRAGON_CTNVL,39.275833,-76.771944
DRAGON_Deer_Park,29.670046,-95.128485
DRAGON_Drummond,36.70556,-119.74139
DRAGON_EaglePoint,39.397778,-76.27
DRAGON_EDCMS,38.922218,-76.560012
DRAGON_Edgewood,39.409834,-76.296352
DRAGON_ELLCT,39.2661,-76.861603
DRAGON_Essex,39.310943,-76.474486
DRAGON_FairHill,39.701435,-75.860059
DRAGON_FLLST,39.522366,-76.413318
DRAGON_Fukue,32.752,128.682
DRAGON_Fukue_2,32.672,128.817
DRAGON_Fukue_3,32.6,128.745
DRAGON_Fukuoka,33.524,130.475
DRAGON_Galveston,29.254474,-94.861289
DRAGON_GangneungWNU,37.771,128.867
DRAGON_Guwol,37.44967,126.72403
DRAGON_Gwangju_GIST,35.228278,126.843139
DRAGON_Hanford,36.31572,-119.64323
DRAGON_Henties_1,-22.052274,14.295125
DRAGON_Henties_2,-22.115908,14.339791
DRAGON_Henties_3,-22.184012,14.377948
DRAGON_Henties_4,-22.020377,14.345504
DRAGON_Henties_5,-22.091751,14.399573
DRAGON_Henties_6,-22.166736,14.430668
DRAGON_Jalan_ChainF,5.400542,100.381339
DRAGON_KentIsland,38.9793,-76.307864
DRAGON_Kobe,34.72,135.291
DRAGON_Kohriyama,37.361042,140.3829
DRAGON_Kongju_NU,36.470623,127.140023
DRAGON_Konkuk_Univ,37.54205,127.079774
DRAGON_Korea_Univ,37.58514,127.02507
DRAGON_Kunsan_NU,35.941072,126.683008
DRAGON_Kyoto,35.026,135.781
DRAGON_Kyungil_Univ,36.038648,128.788442
DRAGON_LAREL,39.0808,-76.855
DRAGON_LAUMD,39.1428,-76.8592
DRAGON_ManvelCroix,29.520427,-95.392522
DRAGON_Matsue,35.48,133.01
DRAGON_MNKTN,39.572926,-76.652318
DRAGON_Mokpo_NU,34.91342,126.43736
DRAGON_Mt_Ikoma,34.6798,135.678667
DRAGON_Mt_Rokko,34.757,135.23
DRAGON_Nara,34.688,135.828
DRAGON_NIER,37.56893,126.63971
DRAGON_Nishiharima,35.026,134.336
DRAGON_NREL-Golden,39.743725,-105.17799
DRAGON_NW_Harris_CO,30.039444,-95.673889
DRAGON_OLNES,39.149148,-77.068267
DRAGON_ONNGS,39.387756,-76.81912
DRAGON_Osaka_Center,34.668477,135.530894
DRAGON_Osaka-North,34.774,135.51
DRAGON_Osaka-South,34.5435,135.503867
DRAGON_Padonia,39.462036,-76.631669
DRAGON_Parlier,36.59744,-119.50369
DRAGON_Pasadena,39.111638,-76.45544
DRAGON_PATUX,38.827168,-76.70938
DRAGON_Permatang_DL,5.277875,100.271253
DRAGON_PineyOrchard,39.060781,-76.719202
DRAGON_Platteville,40.182765,-104.7261
DRAGON_Pondok_Upeh,5.33325,100.22661
DRAGON_Porterville,36.03179,-119.05505
DRAGON_Pusan_NU,35.235354,129.082493
DRAGON_Pylesville,39.67515,-76.405349
DRAGON_Sanggye,37.65885,127.06845
DRAGON_SeabrookPark,29.583047,-95.015544
DRAGON_SHADY,38.840658,-76.506108
DRAGON_Shafter,35.50361,-119.2725
DRAGON_Sinjeong,37.52341,126.85863
DRAGON_Smith_Point,29.546244,-94.786969
DRAGON_Soha,37.45213,126.8847
DRAGON_SPBRK,39.0581,-77.0058
DRAGON_St_Johns_Is,1.21795,103.849615
DRAGON_Temasek_Poly,1.344821,103.930621
DRAGON_TKMPR,38.995278,-76.997222
DRAGON_Tsukuba,36.050556,140.120278
DRAGON_UH_Sugarland,29.5741,-95.652
DRAGON_UH_W_Liberty,30.0583,-94.9781
DRAGON_UiTM,5.38313,100.41631
DRAGON_UMRLB,38.891262,-76.814106
DRAGON_Visalia,36.31411,-119.39301
DRAGON_Welch,39.63878,-105.13951
DRAGON_Weld_Co_Twr,40.38636,-104.737445
DRAGON_West_Houston,29.833056,-95.656944
DRAGON_WileyFord,39.610446,-78.773648
DRAGON_Worton,39.285436,-76.091633
DRAGON_WSTFD,39.301577,-76.946248
DRAGON_Yishun_ITE,1.434638,103.844876
Dry_Tortugas,24.628056,-82.871944
Dunhuang,40.03838,94.794
Dunhuang_LZU,40.49237,94.95503
Dunkerque,51.03535,2.368117
Durban_UKZN,-29.817233,30.944011
Dushanbe,38.553264,68.857911
EastMalling_MO,51.29,0.44
Easton_Airport,38.80745,-76.07257
Easton-MDE,38.794972,-76.08425
Edinburgh,55.923967,-3.17915
Eforie,44.075,28.632222
Egbert,44.231543,-79.781414
Eilat,29.5025,34.9175
El_Arenosillo,37.105,-6.733472
El_Farafra,27.058,27.990167
El_Nido_Airport,11.2051,119.4135
El_Segundo,33.9125,-118.3823
Elandsfontein,-26.245342,29.417572
EPA-NCU,24.967533,121.185483
EPA-Res_Triangle_Pk,35.88,-78.87
Epanomi,40.375,22.978
Ersa,43.003669,9.359289
ETNA,37.6135,15.019433
Etosha_Pan,-19.175017,15.914383
Evora,38.567833,-7.9115
Exeter_MO,50.728519,-3.475167
Fang,19.913397,99.206425
Finokalia-FKL,35.337712,25.669762
FLIN_FLON,54.669998,-101.690002
Fontainebleau,48.406667,2.680278
Fort_McKay,57.1835,-111.64
Fort_McMurray,56.752306,-111.476139
FORTH_CRETE,35.332694,25.282417
Frenchman_Flat,36.80928,-115.93479
Fresno,36.781733,-119.773167
Fresno_2,36.78537,-119.77302
Frioul,43.266111,5.293333
FZJ-JOYCE,50.908333,6.413056
Galata_Platform,43.044624,28.19319
Gandhi_College,25.871,84.127944
Georgia_Tech,33.780202,-84.399537
Glasgow_MO,55.9068,-4.53122
Gloria,44.59997,29.35967
Gobabeb,-23.561619,15.041058
Goldstone,35.233333,-116.791667
Gorongosa,-18.978417,34.35075
Gosan_SNU,33.292222,126.161667
GOT_Seaprism,9.2862,101.4123
Gotland,57.916667,18.95
Gozo,36.034139,14.264694
Granada,37.164,-3.605
Grand_Forks,47.91175,-97.32545
Granite_Island,46.7208,-87.412
GSFC,38.9925,-76.839833
Guadeloup,16.22492,-61.528378
Gual_Pahari,28.426086,77.15047
Gustav_Dalen_Tower,58.59417,17.46683
Hada_El-Sham,21.802,39.7289
Halifax,44.638,-63.594
Hamburg,53.568333,9.973333
Hamim,22.966667,54.3
Hampton_Roads,36.783333,-76.449997
Hangzhou_City,30.289633,120.156917
Hankuk_UFS,37.33883,127.26582
Hart_Miller_Island,39.2419,-76.3628
Harvard_Forest,42.532,-72.188
Hefei,31.904722,117.162222
Helgoland,54.177861,7.887361
Helsinki,60.203733,24.96065
Helsinki_Lighthouse,59.94897,24.92636
Heng-Chun,22.054742,120.6995
Henties_Bay,-22.09506,14.25974
Hermosillo,29.074722,-110.96
HESS,-23.273,16.502944
Hetauda,27.42835,85.030933
HJAndrews,44.238609,-122.223892
HohenpeissenbergDWD,47.8019,11.0119
Hokkaido_University,43.0755,141.3407
Homburi,15.329167,-1.546667
Hong_Kong_Hok_Tsui,22.2097,114.258
Hong_Kong_PolyU,22.303333,114.179722
Hong_Kong_Sheung,22.4833,114.1166
HOPE-Hambach,50.8972,6.4639
HOPE-Krauthausen,50.8796,6.4145
HOPE-RWTH-Aachen,50.7777,6.0606
Howland,45.2041,-68.7402
Hua_Hin,12.634444,99.951111
Huambo,-12.8679,15.7046
Huancayo-IGP,-12.0402,-75.3209
Huelva,37.0163,-6.5687
Hyytiala,61.846447,24.295892
IASBS,36.705167,48.507111
Iasi_LOASL,47.193056,27.555556
ICIPE-Mbita,-0.431525,34.206062
IER_Cinzana,13.278433,-5.933867
IHOP-Homestead,36.558333,-100.606183
IIT_KGP_EXT_Kolkata,22.574,88.418
Ilorin,8.4841,4.6745
IMAA_Potenza,40.601254,15.7237
IMC_Oristano,39.91,8.5
IMPROVE-MammothCave,37.1318,-86.1479
IMS-METU-ERDEMLI,36.565,34.255
Inhaca,-26.040583,32.905
Inner_Mongolia,42.68319,115.9537
Iqaluit,63.747575,-68.542997
Irbe_Lighthouse,57.75092,21.72297
Irkutsk,51.799797,103.086644
ISDGM_CNR,45.436981,12.331982
Ispra,45.80305,8.6267
Issyk-Kul,42.622778,76.983056
Itajuba,-22.41325,-45.452389
Izana,28.30932,-16.49906
Jabal_Hafeet,24.058217,55.776383
Jabiru,-12.6607,132.8931
Jaipur,26.905817,75.806217
Jambi,-1.632445,103.641563
Jaru_Reserve,-10.083333,-61.933333
Ji_Parana,-10.86,-61.799999
Ji_Parana_SE,-10.93425,-61.851517
Ji_Parana_UNIR,-10.882212,-61.9686
Jingtai,37.333333,104.1
Joberg,-26.186133,28.029167
Kaashidhoo,4.965,73.466
Kaiping,22.3152,112.5386
Kandahar,31.508611,65.847778
Kanpur,26.512778,80.231639
KAUST_Campus,22.304833,39.102833
KEMPTEN_UAS,47.715833,10.314133
KITcube_Masada,31.322547,35.372297
KITcube_Save,8.000928,2.427925
KONZA_EDC,39.102328,-96.6096
KORUS_Baeksa,37.41156,127.5691
KORUS_Daegwallyeong,37.68712,128.75872
KORUS_Iksan,35.9622,127.0052
KORUS_Kyungpook_NU,35.889989,128.606416
KORUS_Olympic_Park,37.52165,127.12418
KORUS_Songchon,37.33849,127.48946
KORUS_Taehwa,37.31248,127.31033
KORUS_UNIST_Ulsan,35.5819,129.1897
Kuching,1.490556,110.348611
Kuopio,62.892414,27.633606
Kuujjuarapik,55.28,-77.76
Kuwait_Airport,29.242,47.972
Kuwait_University,29.325,47.971
Kyiv,50.363611,30.496667
Kyiv-AO,50.4523,30.498
Kyungil_University,36.071667,128.82361
La_Crau,43.5765,4.819
La_Jolla,32.86846,-117.25113
La_Laguna,28.481944,-16.321111
La_Parguera,17.97045,-67.045383
Laegeren,47.478349,8.364352
Lahore,31.47987,74.26406
Lake_Argyle,-16.1081,128.7485
Lake_Erie,41.8256,-83.1936
Lamezia_Terme,38.8764,16.2321
Lampedusa,35.516667,12.631667
LAMTO-STATION,6.223517,-5.026617
Lannion,48.730833,-3.461944
Lanzhou_City,36.04805,103.8534
LAQUILA_Coppito,42.368386,13.350636
Le_Fauga,43.38423,1.2846
Lecce_University,40.335111,18.111389
Leipzig,51.3525,12.435278
Leland_HS,33.402128,-90.89285
Lerwick_MO,60.139372,-1.185113
Liangning,41.5118,122.7013
Lille,50.611667,3.141667
LISCO,40.954517,-73.341767
Lochiel,49.028,-122.602
Loftus_MO,54.5627,-0.861733
London-UCL-UAO,51.52427,-0.131101
Los_Alamos,35.873583,-106.326067
Los_Fieros,-14.55,-60.616667
LOS_FIEROS_98,-14.556,-60.929
LSU,30.406778,-91.183883
Luang_Namtha,20.9311,101.4162
Lubango,-14.958,13.445
Lucinda,-18.5198,146.3861
Lugansk,48.5704,39.36472
Lulin,23.468611,120.873611
Lumbini,27.49,83.28
Lunar_Lake,38.390083,-115.988383
MAARCO,24.700333,54.658833
Madrid,40.4519,-3.72395
Maeson,19.83046,99.17069
Magurele_Inoe,44.348292,26.030703
Mainz,49.999,8.3
Majadas,39.955031,-5.775914
Makassar,-4.99768,119.57227
Malaga,36.715242,-4.478153
MALE,4.191667,73.529167
Manaus_EMBRAPA,-2.890528,-59.969778
Mandalay_MTU,21.972896,96.186136
Manila_Observatory,14.63525,121.07784
Marbella_San_Pedro,36.486309,-4.993439
Maricopa,33.069023,-111.972298
Marseille,43.2824,5.383817
Martova,49.936,36.953
Masdar_Institute,24.4416,54.6166
Maun_Tower,-19.9,23.55
MCO-Hanimaadhoo,6.77635,73.183183
MD_Science_Center,39.28123,-76.612052
Medellin,6.260672,-75.577914
Medenine-IRA,33.499633,10.642547
Messina,38.1975,15.566833
MetObs_Lindenberg,52.209275,14.12087
Mexico_City,19.333611,-99.181667
Mezaira,23.10452,53.75466
Miami,25.72292,-80.27972
Midway_Island,28.209833,-177.378333
Mingo,36.9717,-90.1432
Minqin,38.607,102.959
Minsk,53.92,27.601
Misamfu,-10.1712,31.2241
MISR-JPL,34.199,-118.17439
Missoula,46.916668,-114.083336
Modena,44.631667,10.945278
Modesto,37.64217,-120.99422
Moldova,47.0008,28.8156
Mongu,-15.253611,23.150833
Mongu_Inn,-15.266667,23.134333
Monterey,36.59255,-121.854867
Montesoro_Bastia,42.671983,9.43505
Montsec,42.051417,0.729689
Moscow_MSU_MO,55.706947,37.522019
Mukdahan,16.606667,104.676111
Munich_Maisach,48.209,11.258
Munich_University,48.148,11.573
Murcia,38.001,-1.1707
Muscat,23.606383,58.435667
Mussafa,24.371667,54.466667
MVCO,41.325,-70.5667
Mwinilunga,-11.74,24.430667
Namibe,-15.159,12.178
Napoli_CeSMA,40.836842,14.306567
Narsarsuaq,61.155952,-45.419379
NASA_KSC,28.463763,-80.663476
NASA_LaRC,37.10496,-76.37864
NCU_Taiwan,24.967662,121.187508
ND_Marbel_Univ,6.496011,124.842531
Ndola,-12.995,28.658333
NEON_CVALLA,40.16063,-105.16725
NEON_Harvard,42.5369,-72.172661
NEON_KONZ,39.10077,-96.56309
NEON_OAES,35.41059,-99.05879
NEON_ONAQ,40.177589,-112.452439
NEON_ORNL,35.964128,-84.282588
NEON_OSBS,29.689269,-81.993431
NEON_RMNP,40.2759,-105.545972
NEON_SCBI,38.892919,-78.1395
NEON_TALL,32.950461,-87.393269
NEON_UNDE,46.233881,-89.53725
NEON_WOOD,47.128228,-99.241356
Nes_Ziona,31.9225,34.789167
New_Delhi,28.630467,77.1751
New_Delhi_IMD,28.5885,77.2216
NGHIA_DO,21.04778,105.79964
NhaTrang,12.204722,109.205556
Niabrara,42.764833,-100.02
Niamey,13.481389,2.172222
Nicelli_Airport,45.426444,12.382417
Nicosia,35.140628,33.381353
Niigata,37.846,138.942
Nong_Khai,17.8772,102.71671
Norfolk_State_Univ,36.848,-76.259
Noto,37.334444,137.136944
NSA_YJP_BOREAS,55.903,-98.290001
NUIST,32.206483,118.71715
OHP_OBSERVATOIRE,43.935,5.71
OK_St_Univ,35.04564,-97.91734
Okinawa,26.356667,127.768333
Omkoi,17.798333,98.431667
Oostende,51.225,2.925
ORS_UNAM_ISNP,19.399467,-99.203683
Osaka,34.650933,135.590633
Ouagadougou,12.42413,-1.48723
Ouarzazate,30.928367,-6.912867
Oujda,34.65331,-1.89846
Oukaimeden,31.208793,-7.864486
Oxford,51.759,-1.256
Oyster,37.295044,-75.933192
Paddockwood,53.507889,-105.561817
Pafos,34.71111,32.48333
Palaiseau,48.7116,2.215
Palangkaraya,-2.22799,113.94624
Palencia,41.988572,-4.515694
Palma_de_Mallorca,39.5533,2.6251
Pantnagar,29.046339,79.520889
Paris,48.846797,2.355508
PEARL,80.053611,-86.416944
Penn_State_Univ,40.7421,-78.0809
Petrolina_SONDA,-9.0691,-40.320108
Philadelphia,40.035667,-75.004667
Pickle_Lake,51.449444,-90.2175
Pilar_Cordoba,-31.667411,-63.882597
Pimai,15.181944,102.564167
Pioneer_JC,1.384333,103.754528
PKU_PEK,39.593,116.184
PNNL,46.34095,-119.2788
Pokhara,28.186643,83.97518
POLWET_Rzecin,52.762019,16.309589
Pontianak,0.07538,109.19086
Poprad-Ganovce,49.035,20.322
Porquerolles,43.001389,6.161389
Porto_Nacional,-10.7,-48.41
Porto_Velho,-8.77,-63.95
Porto_Velho_UNIR,-8.837083,-63.939983
Possession_Island,-27.010428,15.194255
Praia,14.947,-23.484
Pretoria_CSIR-DPSS,-25.756611,28.279722
Prospect_Hill,32.299314,-64.765092
Pune,18.537255,73.805491
QOMS_CAS,28.365,86.948056
Quarzazate,30.939,-6.909
Raciborz,50.0831,18.1917
Ragged_Point,13.165018,-59.432035
Railroad_Valley,38.497,-115.691
Rame_Head,50.317132,-4.219809
Ras_El_Ain,31.670278,-7.599444
Realtor,43.48555,5.383817
Red_Mountain_Pass,37.907449,-107.710917
Red_River_Delta,20.72853,106.1277
Resolute_Bay,74.705123,-94.969409
REUNION_ST_DENIS,-20.90139,55.48474
Rexburg_Idaho,43.82011,-111.78301
Rhyl_MO,53.25929,-3.50859
Rimrock,46.4875,-116.991667
Rio_Branco,-9.957467,-67.86935
Rio_de_Janeiro_UFRJ,-22.857306,-43.233806
Rio_Piedras,18.40185,-66.051483
Rogers_Dry_Lake,34.92555,-117.885
Rome_ESA_ESRIN,41.826667,12.671833
Rome_La_Sapienza,41.901695,12.515773
Rome_Tor_Vergata,41.83955,12.647333
Rossfeld,48.335139,7.62475
Saada,31.62583,-8.15583
Sable_Island,43.933,-60.01
SACOL,35.946,104.137083
SAGRES,37.047706,-8.873517
Saih_Salam,24.829467,55.312783
Sakeji_School,-11.232956,24.312
San_Giuliano,42.285556,9.519167
San_Nicolas,33.256889,-119.486972
San_Pietro_Capo,44.650001,11.619999
Sandia_NM_PSEL,35.054583,-106.540069
SANTA_CRUZ,-17.802133,-63.177717
Santa_Cruz_Tenerife,28.472528,-16.247361
SANTA_CRUZ_UTEPSA,-17.767325,-63.200961
Santa_Monica_Colg,34.01685,-118.47113
Santarem,-2.428584,-54.706
Santiago,-33.489633,-70.717033
Santiago_Beauchef,-33.457222,-70.661666
Sao_Martinho_SONDA,-29.443333,-53.823444
Sao_Paulo,-23.5615,-46.734983
Sao_Tome,0.37469,6.71099
Saturn_Island,48.775252,-123.128177
SDSU_IPLab,44.314828,-96.786075
SEARCH-Centreville,32.90289,-87.24968
SEARCH-OLF,30.54997,-87.37531
SEARCH-Yorkville,33.92833,-85.04555
SEDE_BOKER,30.855,34.782222
SEGC_Lope_Gabon,-0.20155,11.60082
Senanga,-16.108889,23.293333
Seoul_SNU,37.458056,126.951111
SERC,38.888901,-76.555795
Sesheke,-17.48083,24.303889
Sevastopol,44.615833,33.517333
Sevilleta,34.354721,-106.885002
Seysses,43.503333,1.259722
Shagaya_Park,29.209072,47.060528
Shelton,40.750064,-98.760286
Shirahama,33.69345,135.356917
Shouxian,32.558383,116.78195
Sigma_Space_Corp,38.953,-76.836472
Silpakorn_Univ,13.819308,100.041183
Simonstown_IMT,-34.19272,18.44567
Singapore,1.297667,103.780383
Sioux_Falls,43.736481,-96.625991
Sir_Bu_Nuair,25.217825,54.231269
Sirmione_Museo_GC,45.500278,10.605833
Skukuza,-24.9917,31.5875
SMART,24.249321,55.612064
SMEX,41.936,-93.664
SMHI,58.58,16.15
Smith_Island_CBF,37.969183,-76.02385
Sodankyla,67.36662,26.62957
Solar_Village,24.906933,46.397286
Solwezi,-12.170667,26.363333
Son_La,21.3322,103.905151
Songkhla_Met_Sta,7.184387,100.604583
Sopot,54.450833,18.564722
SP_Bayboro,27.76155,-82.633
SP-EACH,-23.48163,-46.49967
SSA_YJP_BOREAS,53.674999,-104.650002
St_Louis_University,38.636342,-90.231552
Stennis,30.368014,-89.616667
Sterling,38.98333,-77.46667
Strzyzow,49.8786,21.8613
Suffield,50.28155,-111.130771
Surinam,5.8,-55.2
T0_MAX_MEX,19.489944,-99.1485
T1_MAX_MEX,19.703067,-98.98195
Tabernas_PSA-DLR,37.09076,-2.35818
Table_Mountain,40.125,-105.237
TABLE_MOUNTAIN_CA,34.38,-117.68
Tahir,5.411,100.1967
Tai_Ping,10.3755,114.362
Taichung,24.106167,120.49133
Taihu,31.421,120.215333
Taipei_CWB,25.014683,121.53837
Tallahassee,30.445833,-84.29935
Tamanrasset_INM,22.79,5.53
Tampico_MAX_MEX,22.278283,-97.864167
Tarbes_Etal,43.224033,0.049283
Taylor_Ranch_TWRS,45.1035,-114.84995
Technion_Haifa_IL,32.77587,35.0249
Teide,28.27,-16.639
Tenosique,17.4875,-91.425556
THALA,35.55,8.683333
The_Hague,52.11048,4.32682
Thessaloniki,40.63,22.96
Thompson,55.799999,-97.849998
Thompson_Farm,43.108772,-70.948344
Thule,76.516102,-68.769001
Tiksi,71.586917,128.921417
Timisoara,45.74626,21.22736
Tinga_Tingana,-28.975833,139.990933
Tizi_Ouzou,36.698611,4.055833
Tomsk,56.475351,85.04806
Tomsk_22,56.417,84.074
Toravere,58.264895,26.466823
Toronto,43.79,-79.47
Toulon,43.135556,6.009444
TOULOUSE,43.561944,1.476389
Toulouse_MF,43.57261,1.37432
Toyama,36.699,137.187
Tremiti,42.117965,15.490115
Trinidad_Head,41.05392,-124.15102
Trivandrum,8.533333,76.866667
Tsumkwe,-19.616667,20.4425
TUBITAK_UZAY_Ankara,39.891,32.778
Tucson,32.233002,-110.953003
Tucuman,-26.787153,-65.206697
Tudor_Hill,32.264,-64.879
Tukurui,-3.716666,-49.683331
Tunis_Carthage,36.838719,10.199781
Tuxtla_Gutierrez,16.754722,-93.152222
U_of_Wisconsin_SSEC,43.072492,-89.411354
UAHuntsville,34.72533,-86.64473
Uberlandia,-18.9,-48.28333
Ubon_Ratchathani,15.245518,104.871011
UCLA,34.069605,-118.442752
UCSB,34.415428,-119.84536
UH_Coastal_Center,29.3883,-95.0425
Ulaangom,49.973035,92.078183
UMBC,39.254628,-76.709353
Umm_Al_Quwain,25.533333,55.658333
UNC-Gaitan,4.31068,-72.3518
UNC-Palmira,3.512295,-76.30761
Univ_of_Houston,29.7177,-95.3416
Univ_of_Lethbridge,49.681672,-112.868967
Univ_of_Nevada-Reno,39.540867,-119.814033
UPC-GEAB-Valledupar,9.5596,-73.3293
Upington,-28.379,21.156
Upper_Buffalo,35.8258,-93.203
UPRM_Lidar_Lab,18.210131,-67.140125
USC_SEAPRISM,33.56371,-118.11782
USDA,39.029999,-76.879997
USDA-BARC,39.03127,-76.93218
USDA-Howard,39.0542,-76.8775
USGS_Flagstaff_ROLO,35.21484,-111.63442
USM_Penang,5.35838,100.30231
Ussuriysk,43.7004,132.1635
Valladolid,41.6636,-4.70583
Valladolid_Sci,41.6562,-4.7148
Vienna_BOKU,48.237861,16.331611
Vienna_UNIVIE,48.221667,16.355833
Vientiane,17.99228,102.569642
Villefranche,43.683889,7.328889
Vinon,43.709233,5.75865
Walker_Branch,35.958333,-84.2875
Wallops,37.93285,-75.47195
Wallops_ACHIEVE,37.933486,-75.471
Warsaw_UW,52.210932,20.982636
Waskesiu,53.914386,-106.069578
Watnall_MO,53.005652,-1.250958
WaveCIS_Site_CSI_6,28.866667,-90.483333
Weizmann_Institute,31.907235,34.810531
White_Sands_HELSTF,32.634942,-106.338072
Windhoek-NUST,-22.56591,17.07304
Windpoort,-19.365556,15.482778
Wits_University,-26.192444,28.028972
Wytham_Woods,51.770278,-1.3325
Xanthi,41.146767,24.91895
XiangHe,39.7536,116.9615
Xinglong,40.396389,117.578333
Xitun,24.1622,120.6169
Yakutsk,61.661667,129.366667
Yekaterinburg,57.038333,59.545
Yellowknife_Aurora,62.4513,-114.37625
Yen_Bai,21.70495,104.86894
Yonsei_University,37.56443,126.93479
Yufa_PEK,39.309,116.184
Yulin,38.283333,109.716667
Yuma,32.644138,-114.58278
Zambezi,-13.533167,23.107194
Zaragoza,41.6334,-0.88235
Zeebrugge-MOW1,51.362,3.12
Zhangye,39.078889,100.275556
Zhongshan,22.515833,113.383333
Zinder_Airport,13.776683,8.990233
Zinder_DMN,13.775417,8.9841
Zvenigorod,55.695,36.775