"","clusters"
"1",5
"2",5
"3",10
"4",10
"5",5
"6",5
"7",5
"8",8
"9",9
"10",8
"11",8
"12",7
"13",8
"14",9
"15",8
"16",8
"17",7
"18",7
"19",7
"20",7
"21",7
"22",8
"23",8
"24",8
"25",9
"26",10
"27",8
"28",4
"29",3
"30",10
"31",4
"32",9
"33",9
"34",9
"35",8
"36",9
"37",8
"38",9
"39",8
"40",9
"41",9
"42",10
"43",9
"44",9
"45",8
"46",9
"47",8
"48",9
"49",9
"50",8
"51",10
"52",10
"53",9
"54",9
"55",3
"56",8
"57",9
"58",9
"59",9
"60",9
"61",8
"62",8
"63",8
"64",9
"65",9
"66",9
"67",8
"68",7
"69",4
"70",10
"71",5
"72",3
"73",4
"74",5
"75",5
"76",4
"77",10
"78",5
"79",5
"80",5
"81",5
"82",3
"83",4
"84",3
"85",3
"86",3
"87",3
"88",1
"89",4
"90",4
"91",4
"92",4
"93",4
"94",4
"95",4
"96",3
"97",4
"98",4
"99",3
"100",4
"101",3
"102",8
"103",4
"104",4
"105",4
"106",5
"107",3
"108",3
"109",3
"110",10
"111",9
"112",8
"113",9
"114",9
"115",8
"116",7
"117",9
"118",5
"119",8
"120",5
"121",10
"122",2
"123",9
"124",4
"125",5
"126",2
"127",2
"128",1
"129",5
"130",5
"131",2
"132",10
"133",9
"134",4
"135",10
"136",1
"137",5
"138",5
"139",2
"140",5
"141",5
"142",5
"143",5
"144",5
"145",2
"146",5
"147",5
"148",2
"149",2
"150",2
"151",7
"152",7
"153",7
"154",4
"155",9
"156",9
"157",5
"158",9
"159",2
"160",7
"161",2
"162",5
"163",2
"164",2
"165",8
"166",8
"167",8
"168",9
"169",2
"170",7
"171",7
"172",8
"173",8
"174",2
"175",9
"176",9
"177",7
"178",8
"179",8
"180",8
"181",8
"182",8
"183",5
"184",10
"185",4
"186",9
"187",4
"188",5
"189",8
"190",2
"191",3
"192",10
"193",10
"194",5
"195",9
"196",9
"197",8
"198",10
"199",10
"200",5
"201",5
"202",5
"203",5
"204",10
"205",10
"206",8
"207",9
"208",10
"209",9
"210",1
"211",1
"212",1
"213",5
"214",5
"215",9
"216",1
"217",7
"218",4
"219",5
"220",9
"221",1
"222",5
"223",5
"224",10
"225",10
"226",5
"227",5
"228",5
"229",2
"230",5
"231",5
"232",5
"233",2
"234",2
"235",2
"236",3
"237",3
"238",3
"239",3
"240",3
"241",3
"242",3
"243",3
"244",5
"245",5
"246",5
"247",5
"248",3
"249",5
"250",3
"251",9
"252",5
"253",9
"254",8
"255",2
"256",2
"257",1
"258",1
"259",2
"260",1
"261",9
"262",5
"263",8
"264",2
"265",2
"266",8
"267",3
"268",4
"269",4
"270",1
"271",4
"272",4
"273",4
"274",4
"275",4
"276",3
"277",3
"278",3
"279",3
"280",3
"281",4
"282",4
"283",3
"284",3
"285",3
"286",4
"287",3
"288",3
"289",4
"290",1
"291",4
"292",4
"293",3
"294",3
"295",1
"296",4
"297",1
"298",1
"299",4
"300",3
"301",4
"302",3
"303",4
"304",3
"305",3
"306",3
"307",4
"308",4
"309",3
"310",4
"311",1
"312",4
"313",3
"314",4
"315",4
"316",5
"317",9
"318",1
"319",2
"320",9
"321",2
"322",9
"323",1
"324",4
"325",5
"326",2
"327",4
"328",2
"329",7
"330",9
"331",4
"332",1
"333",9
"334",5
"335",2
"336",4
"337",10
"338",10
"339",10
"340",1
"341",4
"342",5
"343",9
"344",10
"345",9
"346",9
"347",5
"348",8
"349",10
"350",9
"351",2
"352",2
"353",7
"354",1
"355",2
"356",1
"357",1
"358",1
"359",9
"360",9
"361",5
"362",2
"363",2
"364",8
"365",9
"366",8
"367",10
"368",9
"369",5
"370",10
"371",10
"372",5
"373",10
"374",5
"375",10
"376",5
"377",2
"378",2
"379",9
"380",8
"381",1
"382",1
"383",7
"384",1
"385",7
"386",2
"387",2
"388",7
"389",4
"390",3
"391",2
"392",2
"393",1
"394",1
"395",7
"396",8
"397",8
"398",7
"399",1
"400",1
"401",7
"402",1
"403",1
"404",7
"405",7
"406",4
"407",1
"408",7
"409",7
"410",9
"411",7
"412",3
"413",7
"414",9
"415",7
"416",7
"417",9
"418",4
"419",10
"420",8
"421",10
"422",9
"423",9
"424",2
"425",5
"426",8
"427",9
"428",8
"429",9
"430",9
"431",10
"432",9
"433",5
"434",8
"435",10
"436",8
"437",3
"438",8
"439",2
"440",9
"441",10
"442",9
"443",5
"444",1
"445",9
"446",7
"447",4
"448",4
"449",4
"450",4
"451",3
"452",4
"453",4
"454",9
"455",5
"456",9
"457",9
"458",10
"459",7
"460",7
"461",7
"462",7
"463",9
"464",9
"465",10
"466",10
"467",10
"468",10
"469",10
"470",10
"471",10
"472",10
"473",10
"474",3
"475",4
"476",10
"477",2
"478",8
"479",8
"480",4
"481",1
"482",2
"483",4
"484",4
"485",4
"486",4
"487",4
"488",4
"489",1
"490",4
"491",2
"492",4
"493",9
"494",8
"495",10
"496",9
"497",9
"498",9
"499",9
"500",10
"501",9
"502",9
"503",9
"504",9
"505",9
"506",9
"507",8
"508",9
"509",10
"510",2
"511",9
"512",9
"513",4
"514",5
"515",3
"516",9
"517",10
"518",10
"519",10
"520",10
"521",9
"522",9
"523",8
"524",2
"525",5
"526",2
"527",2
"528",5
"529",2
"530",7
"531",8
"532",2
"533",10
"534",4
"535",9
"536",9
"537",2
"538",3
"539",9
"540",9
"541",10
"542",9
"543",8
"544",9
"545",9
"546",10
"547",10
"548",10
"549",10
"550",10
"551",10
"552",10
"553",10
"554",5
"555",2
"556",5
"557",9
"558",4
"559",1
"560",9
"561",1
"562",4
"563",2
"564",1
"565",2
"566",5
"567",5
"568",9
"569",9
"570",5
"571",5
"572",9
"573",4
"574",1
"575",2
"576",9
"577",5
"578",9
"579",2
"580",10
"581",4
"582",5
"583",5
"584",9
"585",10
"586",9
"587",2
"588",10
"589",7
"590",7
"591",4
"592",8
"593",7
"594",1
"595",5
"596",2
"597",8
"598",1
"599",2
"600",10
"601",9
"602",8
"603",8
"604",2
"605",8
"606",8
"607",9
"608",9
"609",10
"610",7
"611",4
"612",9
"613",10
"614",9
"615",10
"616",2
"617",7
"618",5
"619",10
"620",9
"621",10
"622",5
"623",10
"624",10
"625",9
"626",8
"627",10
"628",5
"629",5
"630",10
"631",10
"632",10
"633",10
"634",10
"635",10
"636",8
"637",10
"638",10
"639",10
"640",5
"641",2
"642",10
"643",5
"644",5
"645",10
"646",10
"647",3
"648",10
"649",10
"650",5
"651",4
"652",8
"653",3
"654",3
"655",4
"656",8
"657",8
"658",1
"659",10
"660",2
"661",2
"662",9
"663",5
"664",9
"665",4
"666",5
"667",5
"668",4
"669",2
"670",2
"671",4
"672",4
"673",1
"674",3
"675",4
"676",5
"677",1
"678",3
"679",5
"680",10
"681",5
"682",10
"683",9
"684",8
"685",9
"686",10
"687",9
"688",10
"689",9
"690",8
"691",5
"692",10
"693",3
"694",4
"695",10
"696",9
"697",8
"698",4
"699",8
"700",9
"701",5
"702",8
"703",4
"704",9
"705",7
"706",1
"707",4
"708",8
"709",4
"710",4
"711",3
"712",1
"713",4
"714",8
"715",2
"716",9
"717",7
"718",3
"719",7
"720",7
"721",4
"722",4
"723",2
"724",2
"725",1
"726",4
"727",2
"728",1
"729",2
"730",1
"731",1
"732",1
"733",1
"734",5
"735",4
"736",4
"737",4
"738",1
"739",7
"740",2
"741",5
"742",1
"743",1
"744",1
"745",4
"746",4
"747",1
"748",5
"749",2
"750",9
"751",9
"752",2
"753",10
"754",10
"755",9
"756",10
"757",9
"758",7
"759",7
"760",9
"761",7
"762",2
"763",7
"764",2
"765",10
"766",9
"767",9
"768",3
"769",5
"770",9
"771",8
"772",2
"773",10
"774",8
"775",9
"776",9
"777",5
"778",9
"779",5
"780",8
"781",10
"782",10
"783",10
"784",10
"785",10
"786",10
"787",5
"788",10
"789",10
"790",10
"791",5
"792",9
"793",5
"794",10
"795",10
"796",10
"797",7
"798",3
"799",7
"800",7
"801",8
"802",9
"803",9
"804",9
"805",7
"806",9
"807",9
"808",4
"809",5
"810",2
"811",9
"812",4
"813",5
"814",5
"815",2
"816",4
"817",4
"818",4
"819",2
"820",9
"821",5
"822",5
"823",5
"824",5
"825",3
"826",10
"827",9
"828",8
"829",4
"830",9
"831",7
"832",1
"833",4
"834",8
"835",4
"836",4
"837",3
"838",1
"839",4
"840",8
"841",2
"842",9
"843",7
"844",3
"845",7
"846",7
"847",4
"848",4
"849",2
"850",2
"851",1
"852",4
"853",2
"854",1
"855",2
"856",1
"857",1
"858",1
"859",1
"860",5
"861",4
"862",4
"863",4
"864",1
"865",7
"866",2
"867",5
"868",1
"869",1
"870",1
"871",4
"872",4
"873",1
"874",1
"875",1
"876",2
"877",1
"878",7
"879",7
"880",4
"881",1
"882",1
"883",1
"884",1
"885",1
"886",4
"887",1
"888",1
"889",3
"890",5
"891",1
"892",4
"893",1
"894",4
"895",1
"896",1
"897",1
"898",1
"899",1
"900",1
"901",7
"902",2
"903",8
"904",8
"905",8
"906",7
"907",2
"908",1
"909",4
"910",1
"911",5
"912",9
"913",3
"914",3
"915",10
"916",3
"917",9
"918",4
"919",3
"920",4
"921",9
"922",9
"923",9
"924",2
"925",7
"926",7
"927",4
"928",10
"929",3
"930",3
"931",4
"932",3
"933",1
"934",3
"935",3
"936",3
"937",3
"938",3
"939",3
"940",3
"941",3
"942",3
"943",3
"944",3
"945",4
"946",3
"947",9
"948",9
"949",9
"950",9
"951",9
"952",9
"953",9
"954",9
"955",2
"956",10
"957",7
"958",7
"959",4
"960",8
"961",7
"962",1
"963",5
"964",2
"965",8
"966",1
"967",2
"968",10
"969",9
"970",8
"971",8
"972",2
"973",8
"974",8
"975",9
"976",9
"977",10
"978",7
"979",4
"980",9
"981",10
"982",9
"983",10
"984",2
"985",7
"986",5
"987",10
"988",9
"989",10
"990",5
"991",10
"992",10
"993",9
"994",8
"995",10
"996",5
"997",5
"998",10
"999",10
"1000",10
"1001",10
"1002",10
"1003",10
"1004",8
"1005",10
"1006",10
"1007",10
"1008",5
"1009",2
"1010",10
"1011",5
"1012",5
"1013",10
"1014",10
"1015",3
"1016",10
"1017",10
"1018",5
"1019",4
"1020",8
"1021",3
"1022",3
"1023",4
"1024",8
"1025",8
"1026",1
"1027",10
"1028",2
"1029",2
"1030",9
"1031",5
"1032",9
"1033",4
"1034",5
"1035",5
"1036",4
"1037",2
"1038",2
"1039",4
"1040",4
"1041",1
"1042",3
"1043",4
"1044",5
"1045",1
"1046",3
"1047",5
"1048",10
"1049",5
"1050",10
"1051",8
"1052",9
"1053",10
"1054",5
"1055",2
"1056",5
"1057",8
"1058",10
"1059",5
"1060",5
"1061",5
"1062",2
"1063",5
"1064",5
"1065",5
"1066",5
"1067",2
"1068",5
"1069",5
"1070",2
"1071",2
"1072",5
"1073",5
"1074",7
"1075",7
"1076",7
"1077",9
"1078",7
"1079",7
"1080",7
"1081",2
"1082",7
"1083",8
"1084",9
"1085",8
"1086",1
"1087",9
"1088",1
"1089",1
"1090",7
"1091",9
"1092",9
"1093",7
"1094",9
"1095",7
"1096",7
"1097",7
"1098",5
"1099",8
"1100",8
"1101",10
"1102",4
"1103",9
"1104",2
"1105",5
"1106",9
"1107",9
"1108",2
"1109",5
"1110",1
"1111",8
"1112",7
"1113",2
"1114",9
"1115",10
"1116",10
"1117",10
"1118",9
"1119",9
"1120",7
"1121",7
"1122",9
"1123",1
"1124",2
"1125",9
"1126",9
"1127",9
"1128",2
"1129",10
"1130",2
"1131",9
"1132",9
"1133",1
"1134",7
"1135",3
"1136",3
"1137",1
"1138",4
"1139",4
"1140",3
"1141",1
"1142",9
"1143",10
"1144",5
"1145",9
"1146",10
"1147",10
"1148",9
"1149",3
"1150",9
"1151",10
"1152",10
"1153",10
"1154",9
"1155",2
"1156",10
"1157",4
"1158",10
"1159",3
"1160",9
"1161",5
"1162",7
"1163",7
"1164",1
"1165",1
"1166",9
"1167",4
"1168",5
"1169",5
"1170",1
"1171",4
"1172",4
"1173",8
"1174",4
"1175",5
"1176",9
"1177",2
"1178",4
"1179",5
"1180",2
"1181",5
"1182",10
"1183",5
"1184",10
"1185",5
"1186",10
"1187",2
"1188",9
"1189",9
"1190",9
"1191",9
"1192",4
"1193",10
"1194",2
"1195",9
"1196",1
"1197",9
"1198",4
"1199",9
"1200",3
"1201",10
"1202",10
"1203",10
"1204",3
"1205",4
"1206",4
"1207",1
"1208",4
"1209",3
"1210",4
"1211",4
"1212",4
"1213",4
"1214",4
"1215",3
"1216",3
"1217",1
"1218",1
"1219",2
"1220",1
"1221",1
"1222",1
"1223",3
"1224",1
"1225",1
"1226",4
"1227",6
"1228",3
"1229",4
"1230",1
"1231",4
"1232",1
"1233",1
"1234",1
"1235",1
"1236",4
"1237",1
"1238",1
"1239",3
"1240",1
"1241",3
"1242",3
"1243",1
"1244",1
"1245",3
"1246",3
"1247",3
"1248",10
"1249",4
"1250",1
"1251",1
"1252",4
"1253",4
"1254",4
"1255",4
"1256",2
"1257",4
"1258",2
"1259",7
"1260",7
"1261",9
"1262",7
"1263",7
"1264",7
"1265",10
"1266",9
"1267",2
"1268",2
"1269",2
"1270",3
"1271",3
"1272",2
"1273",3
"1274",8
"1275",3
"1276",8
"1277",8
"1278",8
"1279",3
"1280",3
"1281",3
"1282",3
"1283",5
"1284",2
"1285",10
"1286",6
"1287",4
"1288",1
"1289",1
"1290",2
"1291",3
"1292",4
"1293",3
"1294",3
"1295",2
"1296",2
"1297",3
"1298",1
"1299",4
"1300",4
"1301",4
"1302",4
"1303",4
"1304",3
"1305",1
"1306",4
"1307",7
"1308",2
"1309",8
"1310",8
"1311",2
"1312",2
"1313",7
"1314",4
"1315",3
"1316",3
"1317",4
"1318",1
"1319",3
"1320",3
"1321",5
"1322",9
"1323",1
"1324",5
"1325",2
"1326",5
"1327",4
"1328",5
"1329",4
"1330",8
"1331",2
"1332",7
"1333",7
"1334",7
"1335",1
"1336",1
"1337",4
"1338",7
"1339",7
"1340",7
"1341",8
"1342",7
"1343",7
"1344",8
"1345",8
"1346",5
"1347",5
"1348",5
"1349",10
"1350",10
"1351",2
"1352",2
"1353",10
"1354",8
"1355",5
"1356",8
"1357",9
"1358",2
"1359",2
"1360",2
"1361",5
"1362",8
"1363",9
"1364",4
"1365",4
"1366",4
"1367",4
"1368",1
"1369",1
"1370",8
"1371",1
"1372",4
"1373",4
"1374",3
"1375",4
"1376",4
"1377",4
"1378",4
"1379",3
"1380",4
"1381",3
"1382",4
"1383",4
"1384",4
"1385",1
"1386",9
"1387",4
"1388",4
"1389",4
"1390",4
"1391",4
"1392",1
"1393",1
"1394",4
"1395",4
"1396",1
"1397",2
"1398",2
"1399",5
"1400",5
"1401",5
"1402",5
"1403",2
"1404",5
"1405",2
"1406",7
"1407",10
"1408",8
"1409",2
"1410",2
"1411",9
"1412",9
"1413",2
"1414",10
"1415",2
"1416",4
"1417",8
"1418",9
"1419",9
"1420",10
"1421",3
"1422",10
"1423",9
"1424",10
"1425",10
"1426",10
"1427",10
"1428",10
"1429",10
"1430",9
"1431",10
"1432",10
"1433",8
"1434",5
"1435",9
"1436",10
"1437",9
"1438",4
"1439",3
"1440",4
"1441",4
"1442",4
"1443",10
"1444",5
"1445",4
"1446",1
"1447",7
"1448",1
"1449",4
"1450",5
"1451",4
"1452",4
"1453",2
"1454",2
"1455",4
"1456",4
"1457",4
"1458",4
"1459",4
"1460",4
"1461",5
"1462",5
"1463",1
"1464",5
"1465",5
"1466",5
"1467",2
"1468",2
"1469",4
"1470",2
"1471",2
"1472",3
"1473",9
"1474",4
"1475",5
"1476",5
"1477",5
"1478",5
"1479",2
"1480",3
"1481",3
"1482",5
"1483",10
"1484",3
"1485",3
"1486",4
"1487",4
"1488",4
"1489",4
"1490",3
"1491",3
"1492",7
"1493",10
"1494",3
"1495",3
"1496",3
"1497",4
"1498",2
"1499",3
"1500",5
"1501",5
"1502",3
"1503",3
"1504",3
"1505",3
"1506",3
"1507",3
"1508",4
"1509",4
"1510",4
"1511",4
"1512",1
"1513",1
"1514",4
"1515",4
"1516",1
"1517",4
"1518",4
"1519",3
"1520",5
"1521",10
"1522",10
"1523",3
"1524",9
"1525",10
"1526",10
"1527",3
"1528",1
"1529",8
"1530",7
"1531",8
"1532",9
"1533",3
"1534",2
"1535",3
"1536",3
"1537",5
"1538",4
"1539",1
"1540",2
"1541",2
"1542",10
"1543",1
"1544",3
"1545",4
"1546",5
"1547",9
"1548",9
"1549",4
"1550",3
"1551",7
"1552",3
"1553",2
"1554",3
"1555",3
"1556",5
"1557",4
"1558",1
"1559",2
"1560",2
"1561",10
"1562",1
"1563",3
"1564",4
"1565",5
"1566",9
"1567",9
"1568",4
"1569",3
"1570",7
"1571",7
"1572",10
"1573",5
"1574",10
"1575",10
"1576",10
"1577",1
"1578",4
"1579",2
"1580",8
"1581",4
"1582",2
"1583",2
"1584",2
"1585",3
"1586",3
"1587",2
"1588",9
"1589",3
"1590",3
"1591",10
"1592",5
"1593",8
"1594",3
"1595",9
"1596",5
"1597",5
"1598",5
"1599",2
"1600",2
"1601",2
"1602",9
"1603",4
"1604",3
"1605",3
"1606",2
"1607",2
"1608",5
"1609",9
"1610",10
"1611",10
"1612",5
"1613",5
"1614",10
"1615",9
"1616",9
"1617",10
"1618",5
"1619",5
"1620",9
"1621",9
"1622",2
"1623",5
"1624",5
"1625",5
"1626",5
"1627",5
"1628",5
"1629",2
"1630",10
"1631",9
"1632",5
"1633",10
"1634",9
"1635",5
"1636",5
"1637",3
"1638",5
"1639",2
"1640",8
"1641",1
"1642",2
"1643",1
"1644",2
"1645",9
"1646",9
"1647",10
"1648",2
"1649",10
"1650",2
"1651",2
"1652",10
"1653",2
"1654",5
"1655",10
"1656",10
"1657",5
"1658",10
"1659",10
"1660",10
"1661",9
"1662",9
"1663",9
"1664",5
"1665",10
"1666",10
"1667",10
"1668",9
"1669",5
"1670",5
"1671",10
"1672",9
"1673",9
"1674",10
"1675",5
"1676",9
"1677",9
"1678",9
"1679",9
"1680",10
"1681",9
"1682",2
"1683",5
"1684",10
"1685",9
"1686",10
"1687",10
"1688",10
"1689",5
"1690",9
"1691",9
"1692",9
"1693",9
"1694",10
"1695",5
"1696",10
"1697",9
"1698",10
"1699",10
"1700",1
"1701",1
"1702",1
"1703",4
"1704",8
"1705",4
"1706",1
"1707",1
"1708",4
"1709",7
"1710",2
"1711",1
"1712",1
"1713",7
"1714",2
"1715",9
"1716",9
"1717",3
"1718",9
"1719",2
"1720",2
"1721",2
"1722",9
"1723",10
"1724",10
"1725",9
"1726",9
"1727",9
"1728",10
"1729",5
"1730",7
"1731",7
"1732",7
"1733",8
"1734",8
"1735",9
"1736",8
"1737",1
"1738",3
"1739",2
"1740",4
"1741",4
"1742",4
"1743",5
"1744",5
"1745",10
"1746",4
"1747",2
"1748",9
"1749",4
"1750",4
"1751",4
"1752",1
"1753",10
"1754",4
"1755",4
"1756",1
"1757",1
"1758",1
"1759",1
"1760",1
"1761",4
"1762",4
"1763",4
"1764",4
"1765",4
"1766",9
"1767",7
"1768",4
"1769",9
"1770",10
"1771",10
"1772",10
"1773",10
"1774",9
"1775",10
"1776",10
"1777",5
"1778",9
"1779",9
"1780",9
"1781",9
"1782",9
"1783",9
"1784",9
"1785",9
"1786",2
"1787",10
"1788",9
"1789",2
"1790",10
"1791",5
"1792",10
"1793",9
"1794",9
"1795",2
"1796",2
"1797",9
"1798",9
"1799",9
"1800",10
"1801",9
"1802",9
"1803",9
"1804",10
"1805",9
"1806",2
"1807",9
"1808",10
"1809",5
"1810",10
"1811",2
"1812",5
"1813",2
"1814",9
"1815",4
"1816",4
"1817",4
"1818",1
"1819",10
"1820",4
"1821",4
"1822",1
"1823",1
"1824",1
"1825",1
"1826",1
"1827",4
"1828",4
"1829",4
"1830",4
"1831",4
"1832",9
"1833",7
"1834",4
"1835",9
"1836",5
"1837",10
"1838",3
"1839",7
"1840",8
"1841",4
"1842",7
"1843",8
"1844",1
"1845",3
"1846",7
"1847",7
"1848",2
"1849",5
"1850",9
"1851",8
"1852",4
"1853",5
"1854",9
"1855",2
"1856",9
"1857",4
"1858",5
"1859",5
"1860",5
"1861",2
"1862",2
"1863",9
"1864",2
"1865",5
"1866",5
"1867",2
"1868",8
"1869",8
"1870",7
"1871",2
"1872",9
"1873",2
"1874",2
"1875",4
"1876",4
"1877",5
"1878",10
"1879",10
"1880",9
"1881",10
"1882",10
"1883",5
"1884",2
"1885",10
"1886",9
"1887",2
"1888",5
"1889",9
"1890",5
"1891",10
"1892",4
"1893",3
"1894",4
"1895",9
"1896",4
"1897",9
"1898",4
"1899",3
"1900",3
"1901",4
"1902",2
"1903",2
"1904",3
"1905",4
"1906",4
"1907",4
"1908",4
"1909",5
"1910",7
"1911",7
"1912",9
"1913",9
"1914",9
"1915",2
"1916",9
"1917",8
"1918",8
"1919",10
"1920",9
"1921",5
"1922",10
"1923",5
"1924",2
"1925",10
"1926",10
"1927",10
"1928",3
"1929",9
"1930",10
"1931",2
"1932",10
"1933",3
"1934",5
"1935",9
"1936",5
"1937",7
"1938",5
"1939",5
"1940",2
"1941",8
"1942",9
"1943",9
"1944",3
"1945",9
"1946",1
"1947",1
"1948",10
"1949",7
"1950",7
"1951",7
"1952",7
"1953",7
"1954",8
"1955",7
"1956",7
"1957",7
"1958",7
"1959",9
"1960",5
"1961",3
"1962",9
"1963",3
"1964",5
"1965",1
"1966",1
"1967",4
"1968",4
"1969",1
"1970",1
"1971",4
"1972",4
"1973",4
"1974",2
"1975",4
"1976",3
"1977",3
"1978",1
"1979",3
"1980",4
"1981",4
"1982",4
"1983",4
"1984",3
"1985",4
"1986",3
"1987",4
"1988",4
"1989",1
"1990",4
"1991",1
"1992",1
"1993",4
"1994",1
"1995",4
"1996",1
"1997",3
"1998",1
"1999",4
"2000",4
"2001",1
"2002",1
"2003",4
"2004",3
"2005",1
"2006",1
"2007",4
"2008",3
"2009",4
"2010",1
"2011",1
"2012",1
"2013",3
"2014",1
"2015",10
"2016",2
"2017",4
"2018",3
"2019",6
"2020",1
"2021",6
"2022",9
"2023",9
"2024",2
"2025",9
"2026",5
"2027",4
"2028",4
"2029",1
"2030",5
"2031",10
"2032",5
"2033",5
"2034",9
"2035",5
"2036",5
"2037",5
"2038",9
"2039",9
"2040",5
"2041",1
"2042",4
"2043",10
"2044",10
"2045",2
"2046",5
"2047",2
"2048",5
"2049",10
"2050",5
"2051",5
"2052",5
"2053",3
"2054",8
"2055",5
"2056",9
"2057",5
"2058",5
"2059",5
"2060",5
"2061",1
"2062",10
"2063",3
"2064",2
"2065",5
"2066",2
"2067",5
"2068",10
"2069",5
"2070",2
"2071",5
"2072",9
"2073",10
"2074",5
"2075",10
"2076",9
"2077",5
"2078",2
"2079",9
"2080",4
"2081",4
"2082",5
"2083",8
"2084",4
"2085",1
"2086",3
"2087",4
"2088",2
"2089",10
"2090",10
"2091",7
"2092",8
"2093",9
"2094",9
"2095",9
"2096",10
"2097",9
"2098",9
"2099",8
"2100",2
"2101",10
"2102",7
"2103",9
"2104",2
"2105",2
"2106",9
"2107",10
"2108",8
"2109",10
"2110",5
"2111",9
"2112",9
"2113",9
"2114",9
"2115",5
"2116",1
"2117",5
"2118",9
"2119",2
"2120",2
"2121",10
"2122",9
"2123",9
"2124",10
"2125",10
"2126",9
"2127",8
"2128",10
"2129",9
"2130",9
"2131",4
"2132",3
"2133",3
"2134",3
"2135",3
"2136",4
"2137",4
"2138",4
"2139",3
"2140",7
"2141",8
"2142",7
"2143",7
"2144",1
"2145",8
"2146",1
"2147",7
"2148",7
"2149",8
"2150",7
"2151",1
"2152",4
"2153",1
"2154",4
"2155",4
"2156",7
"2157",1
"2158",4
"2159",4
"2160",3
"2161",7
"2162",1
"2163",1
"2164",4
"2165",4
"2166",4
"2167",1
"2168",1
"2169",7
"2170",5
"2171",4
"2172",4
"2173",4
"2174",4
"2175",1
"2176",1
"2177",1
"2178",1
"2179",4
"2180",1
"2181",3
"2182",3
"2183",7
"2184",2
"2185",7
"2186",7
"2187",5
"2188",7
"2189",1
"2190",1
"2191",2
"2192",1
"2193",2
"2194",4
"2195",1
"2196",4
"2197",7
"2198",4
"2199",1
"2200",4
"2201",1
"2202",9
"2203",9
"2204",9
"2205",9
"2206",1
"2207",9
"2208",4
"2209",4
"2210",4
"2211",2
"2212",2
"2213",2
"2214",3
"2215",4
"2216",3
"2217",3
"2218",4
"2219",3
"2220",3
"2221",3
"2222",2
"2223",5
"2224",2
"2225",4
"2226",4
"2227",4
"2228",3
"2229",3
"2230",3
"2231",3
"2232",3
"2233",3
"2234",3
"2235",3
"2236",3
"2237",3
"2238",3
"2239",3
"2240",4
"2241",2
"2242",5
"2243",3
"2244",5
"2245",4
"2246",4
"2247",2
"2248",5
"2249",3
"2250",4
"2251",4
"2252",4
"2253",3
"2254",4
"2255",5
"2256",4
"2257",2
"2258",5
"2259",4
"2260",4
"2261",3
"2262",4
"2263",5
"2264",3
"2265",5
"2266",4
"2267",2
"2268",5
"2269",2
"2270",2
"2271",2
"2272",9
"2273",1
"2274",4
"2275",5
"2276",3
"2277",3
"2278",5
"2279",5
"2280",5
"2281",9
"2282",9
"2283",5
"2284",5
"2285",10
"2286",10
"2287",10
"2288",5
"2289",10
"2290",1
"2291",10
"2292",9
"2293",9
"2294",9
"2295",1
"2296",9
"2297",9
"2298",2
"2299",4
"2300",5
"2301",9
"2302",7
"2303",9
"2304",9
"2305",9
"2306",4
"2307",8
"2308",1
"2309",1
"2310",7
"2311",4
"2312",9
"2313",9
"2314",8
"2315",4
"2316",4
"2317",4
"2318",8
"2319",4
"2320",9
"2321",9
"2322",10
"2323",1
"2324",4
"2325",1
"2326",4
"2327",4
"2328",4
"2329",1
"2330",2
"2331",1
"2332",2
"2333",9
"2334",9
"2335",1
"2336",5
"2337",5
"2338",2
"2339",5
"2340",1
"2341",3
"2342",1
"2343",7
"2344",7
"2345",4
"2346",4
"2347",8
"2348",3
"2349",3
"2350",3
"2351",3
"2352",1
"2353",4
"2354",4
"2355",7
"2356",1
"2357",4
"2358",1
"2359",4
"2360",7
"2361",1
"2362",3
"2363",4
"2364",4
"2365",4
"2366",1
"2367",1
"2368",1
"2369",1
"2370",1
"2371",4
"2372",1
"2373",1
"2374",3
"2375",8
"2376",9
"2377",10
"2378",8
"2379",5
"2380",10
"2381",5
"2382",10
"2383",10
"2384",10
"2385",9
"2386",7
"2387",8
"2388",7
"2389",8
"2390",7
"2391",7
"2392",7
"2393",7
"2394",8
"2395",8
"2396",5
"2397",3
"2398",10
"2399",1
"2400",1
"2401",2
"2402",10
"2403",4
"2404",4
"2405",3
"2406",4
"2407",4
"2408",4
"2409",3
"2410",8
"2411",7
"2412",10
"2413",5
"2414",8
"2415",9
"2416",9
"2417",10
"2418",10
"2419",5
"2420",9
"2421",2
"2422",9
"2423",9
"2424",10
"2425",10
"2426",8
"2427",9
"2428",5
"2429",10
"2430",10
"2431",10
"2432",10
"2433",10
"2434",9
"2435",10
"2436",9
"2437",10
"2438",10
"2439",2
"2440",4
"2441",3
"2442",3
"2443",4
"2444",3
"2445",3
"2446",3
"2447",4
"2448",3
"2449",3
"2450",3
"2451",1
"2452",8
"2453",1
"2454",7
"2455",7
"2456",1
"2457",7
"2458",1
"2459",7
"2460",4
"2461",1
"2462",1
"2463",5
"2464",1
"2465",7
"2466",7
"2467",7
"2468",1
"2469",4
"2470",1
"2471",4
"2472",9
"2473",1
"2474",7
"2475",8
"2476",7
"2477",7
"2478",7
"2479",7
"2480",8
"2481",7
"2482",10
"2483",10
"2484",9
"2485",10
"2486",9
"2487",10
"2488",9
"2489",7
"2490",9
"2491",7
"2492",7
"2493",7
"2494",7
"2495",7
"2496",7
"2497",7
"2498",8
"2499",7
"2500",7
"2501",9
"2502",7
"2503",8
"2504",10
"2505",3
"2506",3
"2507",5
"2508",4
"2509",4
"2510",10
"2511",1
"2512",2
"2513",3
"2514",5
"2515",5
"2516",8
"2517",9
"2518",3
"2519",5
"2520",9
"2521",1
"2522",1
"2523",9
"2524",4
"2525",9
"2526",9
"2527",4
"2528",9
"2529",10
"2530",5
"2531",10
"2532",10
"2533",9
"2534",1
"2535",9
"2536",4
"2537",9
"2538",9
"2539",9
"2540",9
"2541",10
"2542",3
"2543",4
"2544",5
"2545",10
"2546",5
"2547",10
"2548",8
"2549",9
"2550",10
"2551",9
"2552",10
"2553",2
"2554",4
"2555",2
"2556",5
"2557",10
"2558",2
"2559",9
"2560",2
"2561",3
"2562",9
"2563",7
"2564",9
"2565",5
"2566",8
"2567",2
"2568",8
"2569",7
"2570",7
"2571",9
"2572",7
"2573",9
"2574",9
"2575",5
"2576",5
"2577",5
"2578",9
"2579",9
"2580",5
"2581",2
"2582",5
"2583",5
"2584",9
"2585",5
"2586",2
"2587",4
"2588",2
"2589",10
"2590",10
"2591",9
"2592",9
"2593",7
"2594",8
"2595",8
"2596",7
"2597",7
"2598",7
"2599",9
"2600",7
"2601",7
"2602",8
"2603",9
"2604",2
"2605",5
"2606",2
"2607",2
"2608",8
"2609",7
"2610",7
"2611",7
"2612",9
"2613",2
"2614",4
"2615",8
"2616",9
"2617",2
"2618",5
"2619",5
"2620",5
"2621",2
"2622",2
"2623",5
"2624",2
"2625",10
"2626",10
"2627",10
"2628",10
"2629",10
"2630",10
"2631",9
"2632",9
"2633",10
"2634",10
"2635",9
"2636",9
"2637",10
"2638",10
"2639",8
"2640",9
"2641",9
"2642",2
"2643",9
"2644",10
"2645",10
"2646",10
"2647",5
"2648",9
"2649",5
"2650",4
"2651",9
"2652",9
"2653",8
"2654",4
"2655",9
"2656",5
"2657",10
"2658",3
"2659",9
"2660",9
"2661",3
"2662",10
"2663",5
"2664",9
"2665",9
"2666",9
"2667",9
"2668",9
"2669",2
"2670",5
"2671",8
"2672",9
"2673",10
"2674",3
"2675",10
"2676",4
"2677",1
"2678",1
"2679",4
"2680",5
"2681",5
"2682",4
"2683",4
"2684",2
"2685",9
"2686",5
"2687",1
"2688",1
"2689",2
"2690",7
"2691",8
"2692",7
"2693",7
"2694",7
"2695",2
"2696",7
"2697",4
"2698",9
"2699",10
"2700",8
"2701",8
"2702",9
"2703",3
"2704",9
"2705",9
"2706",2
"2707",4
"2708",4
"2709",4
"2710",4
"2711",3
"2712",5
"2713",10
"2714",4
"2715",4
"2716",8
"2717",4
"2718",3
"2719",4
"2720",9
"2721",4
"2722",4
"2723",4
"2724",4
"2725",8
"2726",8
"2727",4
"2728",4
"2729",4
"2730",5
"2731",4
"2732",5
"2733",4
"2734",4
"2735",4
"2736",10
"2737",4
"2738",4
"2739",4
"2740",3
"2741",2
"2742",3
"2743",4
"2744",4
"2745",4
"2746",4
"2747",4
"2748",4
"2749",3
"2750",4
"2751",10
"2752",3
"2753",2
"2754",4
"2755",4
"2756",9
"2757",10
"2758",5
"2759",3
"2760",10
"2761",5
"2762",5
"2763",3
"2764",9
"2765",8
"2766",2
"2767",10
"2768",9
"2769",10
"2770",9
"2771",1
"2772",1
"2773",9
"2774",7
"2775",8
"2776",2
"2777",8
"2778",7
"2779",7
"2780",1
"2781",9
"2782",9
"2783",9
"2784",7
"2785",9
"2786",7
"2787",7
"2788",9
"2789",10
"2790",5
"2791",5
"2792",4
"2793",4
"2794",3
"2795",4
"2796",3
"2797",3
"2798",4
"2799",3
"2800",3
"2801",3
"2802",9
"2803",4
"2804",4
"2805",2
"2806",2
"2807",5
"2808",3
"2809",3
"2810",3
"2811",1
"2812",3
"2813",2
"2814",3
"2815",3
"2816",4
"2817",3
"2818",2
"2819",4
"2820",3
"2821",2
"2822",4
"2823",4
"2824",3
"2825",4
"2826",4
"2827",3
"2828",3
"2829",4
"2830",3
"2831",2
"2832",4
"2833",3
"2834",3
"2835",8
"2836",4
"2837",3
"2838",1
"2839",3
"2840",3
"2841",9
"2842",10
"2843",3
"2844",4
"2845",7
"2846",9
"2847",10
"2848",5
"2849",5
"2850",9
"2851",8
"2852",8
"2853",9
"2854",8
"2855",9
"2856",10
"2857",9
"2858",9
"2859",10
"2860",8
"2861",9
"2862",5
"2863",9
"2864",10
"2865",7
"2866",9
"2867",8
"2868",5
"2869",10
"2870",9
"2871",9
"2872",9
"2873",1
"2874",8
"2875",7
"2876",10
"2877",9
"2878",10
"2879",10
"2880",9
"2881",2
"2882",10
"2883",10
"2884",10
"2885",4
"2886",9
"2887",8
"2888",3
"2889",10
"2890",10
"2891",5
"2892",10
"2893",10
"2894",10
"2895",8
"2896",1
"2897",9
"2898",5
"2899",10
"2900",10
"2901",9
"2902",2
"2903",9
"2904",9
"2905",5
"2906",2
"2907",5
"2908",2
"2909",9
"2910",9
"2911",10
"2912",10
"2913",10
"2914",9
"2915",4
"2916",9
"2917",9
"2918",5
"2919",2
"2920",8
"2921",9
"2922",9
"2923",10
"2924",10
"2925",9
"2926",9
"2927",9
"2928",9
"2929",9
"2930",2
"2931",8
"2932",9
"2933",9
"2934",9
"2935",8
"2936",10
"2937",8
"2938",10
"2939",10
"2940",10
"2941",10
"2942",9
"2943",10
"2944",9
"2945",5
"2946",9
"2947",9
"2948",2
"2949",10
"2950",9
"2951",9
"2952",9
"2953",5
"2954",10
"2955",8
"2956",8
"2957",8
"2958",8
"2959",8
"2960",8
"2961",8
"2962",9
"2963",8
"2964",8
"2965",7
"2966",7
"2967",7
"2968",7
"2969",7
"2970",7
"2971",7
"2972",7
"2973",7
"2974",7
"2975",7
"2976",7
"2977",9
"2978",8
"2979",8
"2980",7
"2981",7
"2982",7
"2983",7
"2984",7
"2985",7
"2986",7
"2987",8
"2988",7
"2989",9
"2990",7
"2991",7
"2992",7
"2993",9
"2994",8
"2995",7
"2996",9
"2997",10
"2998",9
"2999",10
"3000",7
"3001",8
"3002",8
"3003",5
"3004",9
"3005",7
"3006",7
"3007",9
"3008",8
"3009",2
"3010",7
"3011",10
"3012",5
"3013",2
"3014",8
"3015",8
"3016",7
"3017",5
"3018",5
"3019",7
"3020",7
"3021",10
"3022",9
"3023",4
"3024",8
"3025",5
"3026",5
"3027",5
"3028",4
"3029",8
"3030",5
"3031",5
"3032",10
"3033",6
"3034",5
"3035",9
"3036",4
"3037",4
"3038",4
"3039",4
"3040",4
"3041",5
"3042",4
"3043",2
"3044",3
"3045",2
"3046",4
"3047",4
"3048",2
"3049",2
"3050",2
"3051",2
"3052",2
"3053",8
"3054",3
"3055",3
"3056",4
"3057",4
"3058",4
"3059",4
"3060",4
"3061",4
"3062",3
"3063",4
"3064",4
"3065",3
"3066",2
"3067",4
"3068",5
"3069",5
"3070",5
"3071",5
"3072",5
"3073",3
"3074",3
"3075",3
"3076",3
"3077",3
"3078",2
"3079",4
"3080",3
"3081",5
"3082",3
"3083",5
"3084",3
"3085",3
"3086",3
"3087",3
"3088",9
"3089",10
"3090",10
"3091",10
"3092",2
"3093",2
"3094",8
"3095",10
"3096",7
"3097",8
"3098",9
"3099",9
"3100",9
"3101",10
"3102",10
"3103",7
"3104",4
"3105",7
"3106",8
"3107",7
"3108",7
"3109",2
"3110",2
"3111",5
"3112",3
"3113",2
"3114",4
"3115",4
"3116",10
"3117",7
"3118",1
"3119",3
"3120",2
"3121",4
"3122",2
"3123",8
"3124",5
"3125",2
"3126",2
"3127",2
"3128",2
"3129",2
"3130",8
"3131",5
"3132",2
"3133",2
"3134",4
"3135",4
"3136",3
"3137",3
"3138",2
"3139",2
"3140",2
"3141",2
"3142",1
"3143",4
"3144",5
"3145",4
"3146",2
"3147",4
"3148",8
"3149",4
"3150",3
"3151",6
"3152",5
"3153",1
"3154",3
"3155",9
"3156",3
"3157",9
"3158",4
"3159",4
"3160",2
"3161",5
"3162",5
"3163",5
"3164",2
"3165",2
"3166",5
"3167",2
"3168",2
"3169",3
"3170",1
"3171",3
"3172",9
"3173",5
"3174",5
"3175",9
"3176",10
"3177",10
"3178",10
"3179",1
"3180",10
"3181",10
"3182",5
"3183",2
"3184",2
"3185",9
"3186",9
"3187",3
"3188",2
"3189",4
"3190",3
"3191",10
"3192",10
"3193",2
"3194",10
"3195",5
"3196",3
"3197",4
"3198",2
"3199",2
"3200",2
"3201",5
"3202",7
"3203",9
"3204",8
"3205",9
"3206",8
"3207",8
"3208",5
"3209",9
"3210",5
"3211",5
"3212",8
"3213",5
"3214",10
"3215",5
"3216",2
"3217",5
"3218",2
"3219",9
"3220",5
"3221",4
"3222",5
"3223",5
"3224",5
"3225",2
"3226",1
"3227",4
"3228",9
"3229",9
"3230",5
"3231",2
"3232",7
"3233",10
"3234",5
"3235",9
"3236",2
"3237",9
"3238",5
"3239",9
"3240",5
"3241",2
"3242",5
"3243",5
"3244",10
"3245",10
"3246",2
"3247",2
"3248",2
"3249",10
"3250",2
"3251",2
"3252",3
"3253",1
"3254",4
"3255",1
"3256",1
"3257",1
"3258",1
"3259",4
"3260",4
"3261",4
"3262",4
"3263",3
"3264",3
"3265",4
"3266",4
"3267",3
"3268",4
"3269",4
"3270",4
"3271",3
"3272",4
"3273",4
"3274",4
"3275",4
"3276",1
"3277",10
"3278",9
"3279",10
"3280",4
"3281",7
"3282",8
"3283",8
"3284",8
"3285",10
"3286",9
"3287",5
"3288",5
"3289",10
"3290",9
"3291",9
"3292",5
"3293",9
"3294",9
"3295",8
"3296",8
"3297",5
"3298",8
"3299",3
"3300",5
"3301",5
"3302",9
"3303",5
"3304",10
"3305",1
"3306",8
"3307",9
"3308",4
"3309",1
"3310",3
"3311",1
"3312",8
"3313",9
"3314",4
"3315",1
"3316",3
"3317",8
"3318",7
"3319",4
"3320",4
"3321",4
"3322",1
"3323",9
"3324",1
"3325",1
"3326",6
"3327",4
"3328",8
"3329",7
"3330",7
"3331",1
"3332",1
"3333",4
"3334",9
"3335",4
"3336",8
"3337",5
"3338",2
"3339",10
"3340",7
"3341",10
"3342",9
"3343",8
"3344",8
"3345",7
"3346",7
"3347",7
"3348",7
"3349",9
"3350",9
"3351",9
"3352",8
"3353",7
"3354",1
"3355",5
"3356",7
"3357",7
"3358",7
"3359",7
"3360",7
"3361",8
"3362",2
"3363",7
"3364",1
"3365",9
"3366",7
"3367",9
"3368",7
"3369",8
"3370",7
"3371",1
"3372",7
"3373",9
"3374",9
"3375",7
"3376",7
"3377",7
"3378",1
"3379",7
"3380",10
"3381",3
"3382",5
"3383",3
"3384",3
"3385",5
"3386",5
"3387",5
"3388",10
"3389",2
"3390",8
"3391",9
"3392",10
"3393",10
"3394",2
"3395",7
"3396",7
"3397",7
"3398",7
"3399",7
"3400",7
"3401",8
"3402",10
"3403",8
"3404",7
"3405",7
"3406",8
"3407",7
"3408",7
"3409",8
"3410",7
"3411",7
"3412",7
"3413",7
"3414",7
"3415",8
"3416",1
"3417",7
"3418",7
"3419",7
"3420",7
"3421",1
"3422",7
"3423",7
"3424",7
"3425",7
"3426",7
"3427",7
"3428",7
"3429",7
"3430",1
"3431",1
"3432",1
"3433",1
"3434",4
"3435",3
"3436",7
"3437",7
"3438",9
"3439",4
"3440",1
"3441",1
"3442",7
"3443",2
"3444",7
"3445",4
"3446",4
"3447",8
"3448",8
"3449",8
"3450",5
"3451",8
"3452",4
"3453",7
"3454",9
"3455",9
"3456",4
"3457",9
"3458",3
"3459",5
"3460",8
"3461",2
"3462",9
"3463",3
"3464",3
"3465",3
"3466",8
"3467",8
"3468",9
"3469",5
"3470",4
"3471",3
"3472",4
"3473",4
"3474",4
"3475",3
"3476",3
"3477",9
"3478",10
"3479",8
"3480",5
"3481",9
"3482",9
"3483",9
"3484",8
"3485",7
"3486",8
"3487",3
"3488",4
"3489",5
"3490",8
"3491",9
"3492",2
"3493",5
"3494",9
"3495",9
"3496",9
"3497",5
"3498",9
"3499",9
"3500",9
"3501",1
"3502",9
"3503",9
"3504",1
"3505",1
"3506",1
"3507",8
"3508",4
"3509",10
"3510",1
"3511",7
"3512",2
"3513",9
"3514",2
"3515",8
"3516",9
"3517",5
"3518",10
"3519",9
"3520",9
"3521",2
"3522",5
"3523",1
"3524",4
"3525",9
"3526",9
"3527",1
"3528",7
"3529",7
"3530",7
"3531",7
"3532",8
"3533",7
"3534",2
"3535",2
"3536",4
"3537",4
"3538",3
"3539",1
"3540",1
"3541",1
"3542",4
"3543",1
"3544",1
"3545",1
"3546",1
"3547",1
"3548",1
"3549",4
"3550",4
"3551",2
"3552",2
"3553",2
"3554",8
"3555",9
"3556",4
"3557",4
"3558",1
"3559",9
"3560",1
"3561",4
"3562",1
"3563",1
"3564",8
"3565",4
"3566",1
"3567",4
"3568",9
"3569",7
"3570",9
"3571",8
"3572",2
"3573",2
"3574",2
"3575",10
"3576",10
"3577",9
"3578",10
"3579",10
"3580",9
"3581",2
"3582",3
"3583",9
"3584",1
"3585",2
"3586",3
"3587",2
"3588",3
"3589",2
"3590",5
"3591",2
"3592",2
"3593",4
"3594",2
"3595",4
"3596",3
"3597",2
"3598",3
"3599",4
"3600",4
"3601",3
"3602",4
"3603",4
"3604",2
"3605",4
"3606",4
"3607",2
"3608",4
"3609",3
"3610",3
"3611",3
"3612",2
"3613",4
"3614",4
"3615",2
"3616",5
"3617",3
"3618",9
"3619",2
"3620",2
"3621",7
"3622",1
"3623",4
"3624",4
"3625",2
"3626",5
"3627",3
"3628",4
"3629",4
"3630",4
"3631",4
"3632",4
"3633",3
"3634",4
"3635",2
"3636",4
"3637",4
"3638",4
"3639",3
"3640",2
"3641",3
"3642",2
"3643",2
"3644",2
"3645",3
"3646",3
"3647",3
"3648",2
"3649",2
"3650",2
"3651",2
"3652",2
"3653",5
"3654",10
"3655",10
"3656",10
"3657",9
"3658",2
"3659",10
"3660",10
"3661",5
"3662",5
"3663",2
"3664",10
"3665",9
"3666",10
"3667",9
"3668",10
"3669",10
"3670",10
"3671",9
"3672",3
"3673",4
"3674",3
"3675",3
"3676",2
"3677",4
"3678",4
"3679",9
"3680",10
"3681",3
"3682",2
"3683",4
"3684",3
"3685",1
"3686",2
"3687",2
"3688",3
"3689",4
"3690",4
"3691",4
"3692",3
"3693",3
"3694",3
"3695",1
"3696",4
"3697",2
"3698",3
"3699",4
"3700",3
"3701",5
"3702",4
"3703",4
"3704",4
"3705",4
"3706",3
"3707",3
"3708",3
"3709",3
"3710",4
"3711",4
"3712",3
"3713",4
"3714",3
"3715",4
"3716",4
"3717",4
"3718",1
"3719",10
"3720",4
"3721",3
"3722",3
"3723",3
"3724",3
"3725",4
"3726",4
"3727",3
"3728",4
"3729",4
"3730",3
"3731",4
"3732",4
"3733",6
"3734",10
"3735",8
"3736",5
"3737",9
"3738",2
"3739",7
"3740",10
"3741",9
"3742",5
"3743",5
"3744",7
"3745",2
"3746",8
"3747",9
"3748",7
"3749",8
"3750",8
"3751",7
"3752",7
"3753",8
"3754",8
"3755",7
"3756",7
"3757",7
"3758",7
"3759",7
"3760",7
"3761",7
"3762",7
"3763",7
"3764",2
"3765",1
"3766",10
"3767",8
"3768",7
"3769",7
"3770",1
"3771",9
"3772",10
"3773",5
"3774",1
"3775",5
"3776",9
"3777",9
"3778",2
"3779",1
"3780",9
"3781",2
"3782",2
"3783",2
"3784",9
"3785",7
"3786",8
"3787",9
"3788",9
"3789",10
"3790",9
"3791",10
"3792",9
"3793",8
"3794",2
"3795",8
"3796",9
"3797",9
"3798",2
"3799",5
"3800",10
"3801",5
"3802",5
"3803",10
"3804",5
"3805",1
"3806",5
"3807",10
"3808",9
"3809",8
"3810",2
"3811",9
"3812",9
"3813",4
"3814",4
"3815",4
"3816",4
"3817",3
"3818",4
"3819",3
"3820",3
"3821",3
"3822",4
"3823",3
"3824",4
"3825",3
"3826",4
"3827",9
"3828",9
"3829",9
"3830",1
"3831",4
"3832",1
"3833",5
"3834",4
"3835",8
"3836",5
"3837",8
"3838",10
"3839",9
"3840",1
"3841",5
"3842",2
"3843",2
"3844",2
"3845",2
"3846",8
"3847",5
"3848",10
"3849",9
"3850",3
"3851",5
"3852",10
"3853",5
"3854",10
"3855",5
"3856",4
"3857",10
"3858",2
"3859",2
"3860",8
"3861",5
"3862",9
"3863",10
"3864",7
"3865",7
"3866",9
"3867",9
"3868",9
"3869",2
"3870",10
"3871",2
"3872",9
"3873",7
"3874",9
"3875",9
"3876",9
"3877",2
"3878",8
"3879",7
"3880",5
"3881",7
"3882",7
"3883",1
"3884",9
"3885",9
"3886",2
"3887",2
"3888",10
"3889",10
"3890",10
"3891",5
"3892",9
"3893",5
"3894",5
"3895",9
"3896",10
"3897",8
"3898",9
"3899",2
"3900",8
"3901",8
"3902",7
"3903",5
"3904",8
"3905",7
"3906",8
"3907",9
"3908",9
"3909",8
"3910",10
"3911",5
"3912",10
"3913",3
"3914",4
"3915",4
"3916",3
"3917",4
"3918",4
"3919",4
"3920",3
"3921",3
"3922",2
"3923",3
"3924",3
"3925",3
"3926",2
"3927",9
"3928",3
"3929",3
"3930",4
"3931",2
"3932",4
"3933",4
"3934",4
"3935",4
"3936",4
"3937",4
"3938",4
"3939",4
"3940",3
"3941",3
"3942",3
"3943",4
"3944",3
"3945",4
"3946",4
"3947",4
"3948",1
"3949",1
"3950",4
"3951",1
"3952",4
"3953",1
"3954",4
"3955",1
"3956",4
"3957",4
"3958",8
"3959",3
"3960",2
"3961",4
"3962",4
"3963",4
"3964",4
"3965",3
"3966",4
"3967",4
"3968",4
"3969",4
"3970",4
"3971",4
"3972",1
"3973",4
"3974",4
"3975",4
"3976",4
"3977",3
"3978",4
"3979",4
"3980",4
"3981",4
"3982",4
"3983",4
"3984",1
"3985",1
"3986",5
"3987",4
"3988",4
"3989",4
"3990",4
"3991",3
"3992",4
"3993",4
"3994",4
"3995",4
"3996",3
"3997",1
"3998",3
"3999",3
"4000",3
"4001",3
"4002",3
"4003",3
"4004",2
"4005",4
"4006",1
"4007",4
"4008",1
"4009",4
"4010",4
"4011",4
"4012",1
"4013",1
"4014",4
"4015",4
"4016",4
"4017",8
"4018",1
"4019",8
"4020",2
"4021",2
"4022",8
"4023",10
"4024",10
"4025",3
"4026",9
"4027",2
"4028",9
"4029",3
"4030",9
"4031",9
"4032",4
"4033",9
"4034",4
"4035",1
"4036",7
"4037",9
"4038",9
"4039",4
"4040",1
"4041",9
"4042",4
"4043",4
"4044",4
"4045",8
"4046",1
"4047",2
"4048",5
"4049",9
"4050",2
"4051",1
"4052",4
"4053",9
"4054",2
"4055",8
"4056",5
"4057",9
"4058",2
"4059",2
"4060",2
"4061",2
"4062",3
"4063",9
"4064",8
"4065",8
"4066",5
"4067",9
"4068",10
"4069",2
"4070",2
"4071",2
"4072",2
"4073",9
"4074",8
"4075",3
"4076",4
"4077",1
"4078",4
"4079",4
"4080",4
"4081",3
"4082",4
"4083",3
"4084",3
"4085",4
"4086",4
"4087",3
"4088",3
"4089",3
"4090",3
"4091",4
"4092",3
"4093",4
"4094",4
"4095",1
"4096",1
"4097",1
"4098",3
"4099",3
"4100",3
"4101",9
"4102",4
"4103",1
"4104",1
"4105",6
"4106",5
"4107",9
"4108",4
"4109",5
"4110",2
"4111",9
"4112",9
"4113",10
"4114",9
"4115",4
"4116",8
"4117",8
"4118",2
"4119",8
"4120",2
"4121",2
"4122",7
"4123",9
"4124",7
"4125",1
"4126",7
"4127",9
"4128",9
"4129",9
"4130",10
"4131",9
"4132",9
"4133",5
"4134",10
"4135",10
"4136",9
"4137",9
"4138",1
"4139",9
"4140",10
"4141",10
"4142",10
"4143",4
"4144",9
"4145",10
"4146",9
"4147",9
"4148",10
"4149",3
"4150",5
"4151",4
"4152",4
"4153",10
"4154",9
"4155",4
"4156",1
"4157",10
"4158",9
"4159",5
"4160",4
"4161",10
"4162",10
"4163",8
"4164",9
"4165",10
"4166",10
"4167",9
"4168",9
"4169",9
"4170",10
"4171",5
"4172",8
"4173",9
"4174",8
"4175",5
"4176",9
"4177",4
"4178",4
"4179",1
"4180",4
"4181",4
"4182",2
"4183",4
"4184",1
"4185",4
"4186",4
"4187",4
"4188",9
"4189",8
"4190",9
"4191",10
"4192",10
"4193",10
"4194",9
"4195",9
"4196",9
"4197",4
"4198",9
"4199",9
"4200",2
"4201",9
"4202",10
"4203",9
"4204",9
"4205",2
"4206",10
"4207",2
"4208",9
"4209",9
"4210",2
"4211",2
"4212",10
"4213",10
"4214",3
"4215",5
"4216",10
"4217",3
"4218",9
"4219",9
"4220",8
"4221",8
"4222",10
"4223",7
"4224",7
"4225",8
"4226",9
"4227",5
"4228",5
"4229",4
"4230",4
"4231",4
"4232",4
"4233",3
"4234",10
"4235",5
"4236",4
"4237",1
"4238",2
"4239",9
"4240",9
"4241",2
"4242",5
"4243",5
"4244",10
"4245",3
"4246",2
"4247",5
"4248",2
"4249",9
"4250",9
"4251",1
"4252",10
"4253",10
"4254",8
"4255",8
"4256",10
"4257",10
"4258",9
"4259",2
"4260",9
"4261",9
"4262",8
"4263",3
"4264",7
"4265",9
"4266",9
"4267",5
"4268",7
"4269",9
"4270",2
"4271",4
"4272",3
"4273",9
"4274",5
"4275",10
"4276",9
"4277",8
"4278",8
"4279",8
"4280",10
"4281",10
"4282",3
"4283",8
"4284",9
"4285",10
"4286",10
"4287",9
"4288",9
"4289",9
"4290",9
"4291",9
"4292",10
"4293",10
"4294",10
"4295",9
"4296",2
"4297",5
"4298",7
"4299",9
"4300",9
"4301",2
"4302",1
"4303",4
"4304",8
"4305",3
"4306",1
"4307",7
"4308",5
"4309",10
"4310",10
"4311",3
"4312",10
"4313",10
"4314",5
"4315",10
"4316",10
"4317",10
"4318",10
"4319",10
"4320",10
"4321",9
"4322",10
"4323",9
"4324",9
"4325",9
"4326",5
"4327",5
"4328",9
"4329",9
"4330",9
"4331",9
"4332",10
"4333",10
"4334",10
"4335",10
"4336",10
"4337",1
"4338",5
"4339",5
"4340",10
"4341",5
"4342",5
"4343",9
"4344",2
"4345",2
"4346",5
"4347",5
"4348",10
"4349",10
"4350",5
"4351",8
"4352",5
"4353",5
"4354",5
"4355",10
"4356",9
"4357",9
"4358",10
"4359",10
"4360",9
"4361",10
"4362",10
"4363",9
"4364",5
"4365",10
"4366",9
"4367",10
"4368",4
"4369",9
"4370",2
"4371",10
"4372",2
"4373",8
"4374",3
"4375",2
"4376",8
"4377",9
"4378",8
"4379",5
"4380",2
"4381",5
"4382",2
"4383",9
"4384",10
"4385",10
"4386",2
"4387",9
"4388",9
"4389",9
"4390",10
"4391",10
"4392",9
"4393",10
"4394",10
"4395",10
"4396",10
"4397",10
"4398",10
"4399",10
"4400",5
"4401",10
"4402",10
"4403",10
"4404",10
"4405",5
"4406",10
"4407",5
"4408",9
"4409",5
"4410",5
"4411",10
"4412",2
"4413",10
"4414",10
"4415",10
"4416",9
"4417",5
"4418",9
"4419",8
"4420",2
"4421",5
"4422",3
"4423",2
"4424",4
"4425",5
"4426",5
"4427",5
"4428",4
"4429",10
"4430",3
"4431",5
"4432",3
"4433",2
"4434",2
"4435",5
"4436",5
"4437",3
"4438",7
"4439",10
"4440",1
"4441",1
"4442",7
"4443",7
"4444",7
"4445",7
"4446",5
"4447",2
"4448",4
"4449",4
"4450",4
"4451",8
"4452",1
"4453",1
"4454",4
"4455",1
"4456",1
"4457",7
"4458",7
"4459",4
"4460",9
"4461",7
"4462",1
"4463",9
"4464",1
"4465",4
"4466",1
"4467",7
"4468",4
"4469",5
"4470",1
"4471",1
"4472",7
"4473",1
"4474",9
"4475",7
"4476",7
"4477",8
"4478",7
"4479",7
"4480",1
"4481",1
"4482",9
"4483",9
"4484",1
"4485",1
"4486",1
"4487",2
"4488",7
"4489",1
"4490",1
"4491",8
"4492",3
"4493",2
"4494",7
"4495",2
"4496",8
"4497",5
"4498",1
"4499",1
"4500",2
"4501",5
"4502",10
"4503",10
"4504",10
"4505",9
"4506",10
"4507",9
"4508",9
"4509",8
"4510",10
"4511",10
"4512",4
"4513",9
"4514",9
"4515",3
"4516",10
"4517",5
"4518",9
"4519",5
"4520",4
"4521",5
"4522",9
"4523",5
"4524",9
"4525",4
"4526",9
"4527",9
"4528",2
"4529",9
"4530",9
"4531",9
"4532",9
"4533",9
"4534",4
"4535",2
"4536",7
"4537",9
"4538",1
"4539",4
"4540",2
"4541",10
"4542",9
"4543",8
"4544",1
"4545",8
"4546",8
"4547",7
"4548",1
"4549",7
"4550",3
"4551",5
"4552",9
"4553",5
"4554",5
"4555",3
"4556",5
"4557",5
"4558",3
"4559",1
"4560",4
"4561",4
"4562",4
"4563",1
"4564",3
"4565",4
"4566",4
"4567",1
"4568",1
"4569",1
"4570",3
"4571",1
"4572",3
"4573",4
"4574",4
"4575",1
"4576",3
"4577",1
"4578",1
"4579",1
"4580",4
"4581",3
"4582",4
"4583",3
"4584",4
"4585",10
"4586",5
"4587",8
"4588",8
"4589",10
"4590",8
"4591",2
"4592",5
"4593",9
"4594",7
"4595",5
"4596",8
"4597",7
"4598",7
"4599",9
"4600",8
"4601",2
"4602",7
"4603",7
"4604",7
"4605",8
"4606",7
"4607",8
"4608",10
"4609",9
"4610",4
"4611",7
"4612",8
"4613",7
"4614",8
"4615",8
"4616",9
"4617",7
"4618",9
"4619",9
"4620",1
"4621",9
"4622",9
"4623",10
"4624",9
"4625",9
"4626",4
"4627",9
"4628",1
"4629",9
"4630",4
"4631",10
"4632",10
"4633",10
"4634",10
"4635",9
"4636",2
"4637",9
"4638",9
"4639",2
"4640",9
"4641",8
"4642",9
"4643",10
"4644",9
"4645",2
"4646",1
"4647",3
"4648",8
"4649",1
"4650",9
"4651",8
"4652",9
"4653",9
"4654",8
"4655",4
"4656",2
"4657",3
"4658",3
"4659",3
"4660",3
"4661",5
"4662",5
"4663",5
"4664",5
"4665",3
"4666",3
"4667",3
"4668",3
"4669",4
"4670",3
"4671",3
"4672",4
"4673",4
"4674",4
"4675",4
"4676",3
"4677",3
"4678",4
"4679",4
"4680",4
"4681",1
"4682",7
"4683",4
"4684",4
"4685",4
"4686",4
"4687",4
"4688",4
"4689",3
"4690",3
"4691",4
"4692",3
"4693",4
"4694",4
"4695",3
"4696",3
"4697",4
"4698",5
"4699",3
"4700",3
"4701",8
"4702",9
"4703",8
"4704",2
"4705",7
"4706",8
"4707",10
"4708",10
"4709",5
"4710",7
"4711",8
"4712",9
"4713",2
"4714",2
"4715",5
"4716",2
"4717",2
"4718",2
"4719",2
"4720",3
"4721",5
"4722",4
"4723",5
"4724",4
"4725",2
"4726",5
"4727",10
"4728",2
"4729",5
"4730",5
"4731",5
"4732",4
"4733",4
"4734",10
"4735",10
"4736",5
"4737",2
"4738",5
"4739",2
"4740",2
"4741",5
"4742",2
"4743",7
"4744",2
"4745",5
"4746",5
"4747",2
"4748",3
"4749",3
"4750",2
"4751",2
"4752",2
"4753",2
"4754",2
"4755",3
"4756",5
"4757",8
"4758",3
"4759",8
"4760",9
"4761",5
"4762",10
"4763",7
"4764",6
"4765",7
"4766",3
"4767",2
"4768",9
"4769",8
"4770",9
"4771",4
"4772",4
"4773",9
"4774",4
"4775",9
"4776",4
"4777",8
"4778",8
"4779",9
"4780",8
"4781",8
"4782",2
"4783",4
"4784",5
"4785",2
"4786",2
"4787",8
"4788",9
"4789",8
"4790",10
"4791",9
"4792",5
"4793",10
"4794",10
"4795",5
"4796",10
"4797",5
"4798",10
"4799",5
"4800",2
"4801",2
"4802",5
"4803",5
"4804",5
"4805",1
"4806",9
"4807",1
"4808",1
"4809",2
"4810",8
"4811",5
"4812",9
"4813",5
"4814",4
"4815",5
"4816",2
"4817",3
"4818",3
"4819",3
"4820",3
"4821",3
"4822",3
"4823",1
"4824",5
"4825",4
"4826",3
"4827",1
"4828",4
"4829",1
"4830",5
"4831",4
"4832",2
"4833",10
"4834",9
"4835",9
"4836",2
"4837",2
"4838",1
"4839",1
"4840",1
"4841",2
"4842",9
"4843",9
"4844",8
"4845",8
"4846",8
"4847",8
"4848",4
"4849",4
"4850",4
"4851",4
"4852",1
"4853",1
"4854",4
"4855",3
"4856",3
"4857",3
"4858",4
"4859",3
"4860",3
"4861",3
"4862",3
"4863",3
"4864",3
"4865",4
"4866",4
"4867",3
"4868",3
"4869",3
"4870",1
"4871",4
"4872",3
"4873",3
"4874",4
"4875",1
"4876",1
"4877",3
"4878",4
"4879",4
"4880",3
"4881",1
"4882",4
"4883",4
"4884",3
"4885",3
"4886",4
"4887",1
"4888",4
"4889",1
"4890",1
"4891",4
"4892",1
"4893",7
"4894",1
"4895",4
"4896",9
"4897",2
"4898",5
"4899",9
"4900",1
"4901",3
"4902",8
"4903",2
"4904",2
"4905",2
"4906",2
"4907",5
"4908",1
"4909",2
"4910",8
"4911",9
"4912",1
"4913",9
"4914",1
"4915",1
"4916",9
"4917",5
"4918",1
"4919",3
"4920",10
"4921",10
"4922",9
"4923",9
"4924",4
"4925",10
"4926",8
"4927",9
"4928",8
"4929",1
"4930",1
"4931",7
"4932",1
"4933",7
"4934",2
"4935",2
"4936",3
"4937",10
"4938",10
"4939",5
"4940",9
"4941",9
"4942",8
"4943",10
"4944",10
"4945",5
"4946",5
"4947",5
"4948",5
"4949",10
"4950",10
"4951",8
"4952",9
"4953",10
"4954",2
"4955",7
"4956",1
"4957",2
"4958",1
"4959",1
"4960",1
"4961",9
"4962",9
"4963",4
"4964",2
"4965",2
"4966",1
"4967",5
"4968",9
"4969",7
"4970",1
"4971",3
"4972",7
"4973",1
"4974",1
"4975",7
"4976",4
"4977",7
"4978",4
"4979",7
"4980",10
"4981",5
"4982",1
"4983",7
"4984",4
"4985",5
"4986",10
"4987",5
"4988",1
"4989",1
"4990",1
"4991",1
"4992",1
"4993",2
"4994",1
"4995",7
"4996",2
"4997",10
"4998",2
"4999",2
"5000",1
"5001",7
"5002",1
"5003",5
"5004",2
"5005",5
"5006",2
"5007",5
"5008",4
"5009",10
"5010",9
"5011",10
"5012",9
"5013",5
"5014",5
"5015",5
"5016",9
"5017",10
"5018",2
"5019",9
"5020",9
"5021",7
"5022",9
"5023",9
"5024",2
"5025",5
"5026",2
"5027",9
"5028",2
"5029",10
"5030",9
"5031",9
"5032",9
"5033",3
"5034",7
"5035",4
"5036",4
"5037",4
"5038",1
"5039",4
"5040",4
"5041",3
"5042",4
"5043",5
"5044",4
"5045",1
"5046",7
"5047",4
"5048",9
"5049",9
"5050",5
"5051",9
"5052",9
"5053",9
"5054",7
"5055",7
"5056",8
"5057",7
"5058",8
"5059",1
"5060",10
"5061",10
"5062",10
"5063",10
"5064",10
"5065",10
"5066",10
"5067",9
"5068",10
"5069",9
"5070",9
"5071",9
"5072",4
"5073",9
"5074",10
"5075",2
"5076",3
"5077",4
"5078",1
"5079",9
"5080",10
"5081",4
"5082",1
"5083",1
"5084",1
"5085",1
"5086",1
"5087",1
"5088",1
"5089",4
"5090",3
"5091",4
"5092",9
"5093",9
"5094",7
"5095",8
"5096",9
"5097",10
"5098",5
"5099",10
"5100",10
"5101",10
"5102",8
"5103",9
"5104",9
"5105",9
"5106",10
"5107",10
"5108",9
"5109",9
"5110",9
"5111",9
"5112",9
"5113",10
"5114",5
"5115",10
"5116",3
"5117",2
"5118",5
"5119",9
"5120",10
"5121",10
"5122",9
"5123",9
"5124",2
"5125",5
"5126",2
"5127",2
"5128",9
"5129",2
"5130",9
"5131",10
"5132",10
"5133",9
"5134",9
"5135",9
"5136",8
"5137",8
"5138",9
"5139",9
"5140",5
"5141",1
"5142",4
"5143",10
"5144",5
"5145",5
"5146",10
"5147",10
"5148",3
"5149",10
"5150",5
"5151",10
"5152",5
"5153",10
"5154",10
"5155",9
"5156",9
"5157",10
"5158",7
"5159",5
"5160",9
"5161",9
"5162",4
"5163",8
"5164",5
"5165",1
"5166",1
"5167",9
"5168",1
"5169",9
"5170",5
"5171",10
"5172",9
"5173",9
"5174",10
"5175",9
"5176",5
"5177",2
"5178",5
"5179",5
"5180",5
"5181",2
"5182",9
"5183",9
"5184",2
"5185",10
"5186",10
"5187",9
"5188",10
"5189",9
"5190",7
"5191",7
"5192",9
"5193",7
"5194",2
"5195",7
"5196",2
"5197",10
"5198",9
"5199",9
"5200",3
"5201",5
"5202",9
"5203",8
"5204",2
"5205",10
"5206",8
"5207",9
"5208",9
"5209",5
"5210",9
"5211",5
"5212",8
"5213",10
"5214",10
"5215",10
"5216",10
"5217",10
"5218",10
"5219",5
"5220",10
"5221",10
"5222",10
"5223",5
"5224",9
"5225",5
"5226",10
"5227",10
"5228",10
"5229",7
"5230",3
"5231",7
"5232",7
"5233",8
"5234",9
"5235",9
"5236",9
"5237",7
"5238",9
"5239",9
"5240",4
"5241",5
"5242",2
"5243",9
"5244",4
"5245",5
"5246",5
"5247",2
"5248",4
"5249",4
"5250",4
"5251",2
"5252",9
"5253",5
"5254",5
"5255",5
"5256",5
"5257",3
"5258",10
"5259",9
"5260",8
"5261",8
"5262",5
"5263",2
"5264",5
"5265",9
"5266",2
"5267",5
"5268",10
"5269",5
"5270",1
"5271",2
"5272",8
"5273",5
"5274",4
"5275",2
"5276",3
"5277",5
"5278",3
"5279",5
"5280",8
"5281",8
"5282",4
"5283",7
"5284",7
"5285",1
"5286",3
"5287",3
"5288",1
"5289",8
"5290",1
"5291",4
"5292",1
"5293",1
"5294",2
"5295",7
"5296",8
"5297",1
"5298",9
"5299",8
"5300",1
"5301",8
"5302",2
"5303",8
"5304",7
"5305",5
"5306",2
"5307",3
"5308",4
"5309",2
"5310",8
"5311",1
"5312",5
"5313",4
"5314",1
"5315",4
"5316",9
"5317",9
"5318",7
"5319",7
"5320",1
"5321",1
"5322",1
"5323",9
"5324",1
"5325",2
"5326",3
"5327",4
"5328",4
"5329",8
"5330",5
"5331",7
"5332",4
"5333",4
"5334",5
"5335",1
"5336",1
"5337",1
"5338",5
"5339",9
"5340",10
"5341",9
"5342",2
"5343",10
"5344",7
"5345",7
"5346",4
"5347",8
"5348",7
"5349",1
"5350",5
"5351",2
"5352",8
"5353",1
"5354",2
"5355",10
"5356",9
"5357",8
"5358",8
"5359",2
"5360",8
"5361",8
"5362",9
"5363",9
"5364",10
"5365",7
"5366",4
"5367",9
"5368",10
"5369",9
"5370",10
"5371",2
"5372",7
"5373",5
"5374",10
"5375",9
"5376",10
"5377",5
"5378",10
"5379",10
"5380",9
"5381",8
"5382",10
"5383",5
"5384",5
"5385",10
"5386",10
"5387",10
"5388",10
"5389",10
"5390",10
"5391",8
"5392",10
"5393",10
"5394",10
"5395",5
"5396",2
"5397",10
"5398",5
"5399",5
"5400",10
"5401",10
"5402",3
"5403",10
"5404",10
"5405",5
"5406",4
"5407",8
"5408",3
"5409",3
"5410",4
"5411",8
"5412",8
"5413",1
"5414",10
"5415",2
"5416",2
"5417",9
"5418",5
"5419",9
"5420",4
"5421",5
"5422",5
"5423",4
"5424",2
"5425",2
"5426",4
"5427",4
"5428",1
"5429",3
"5430",4
"5431",5
"5432",1
"5433",3
"5434",5
"5435",10
"5436",5
"5437",10
"5438",3
"5439",1
"5440",8
"5441",1
"5442",4
"5443",1
"5444",1
"5445",2
"5446",7
"5447",8
"5448",1
"5449",9
"5450",8
"5451",1
"5452",8
"5453",2
"5454",8
"5455",7
"5456",5
"5457",2
"5458",3
"5459",4
"5460",2
"5461",8
"5462",1
"5463",5
"5464",4
"5465",1
"5466",4
"5467",9
"5468",9
"5469",7
"5470",7
"5471",1
"5472",1
"5473",1
"5474",9
"5475",1
"5476",2
"5477",3
"5478",4
"5479",4
"5480",8
"5481",5
"5482",7
"5483",4
"5484",4
"5485",5
"5486",1
"5487",1
"5488",1
"5489",7
"5490",4
"5491",2
"5492",4
"5493",1
"5494",1
"5495",7
"5496",7
"5497",4
"5498",1
"5499",7
"5500",1
"5501",4
"5502",9
"5503",8
"5504",7
"5505",4
"5506",1
"5507",4
"5508",1
"5509",1
"5510",1
"5511",4
"5512",1
"5513",1
"5514",4
"5515",1
"5516",4
"5517",1
"5518",5
"5519",4
"5520",3
"5521",3
"5522",2
"5523",8
"5524",8
"5525",10
"5526",9
"5527",4
"5528",9
"5529",9
"5530",3
"5531",3
"5532",3
"5533",9
"5534",9
"5535",10
"5536",10
"5537",4
"5538",3
"5539",4
"5540",9
"5541",9
"5542",8
"5543",8
"5544",8
"5545",10
"5546",8
"5547",9
"5548",5
"5549",3
"5550",3
"5551",3
"5552",4
"5553",4
"5554",3
"5555",4
"5556",1
"5557",4
"5558",3
"5559",3
"5560",3
"5561",3
"5562",3
"5563",3
"5564",3
"5565",4
"5566",3
"5567",3
"5568",3
"5569",3
"5570",3
"5571",5
"5572",7
"5573",9
"5574",9
"5575",4
"5576",9
"5577",8
"5578",10
"5579",9
"5580",10
"5581",9
"5582",7
"5583",7
"5584",9
"5585",7
"5586",2
"5587",7
"5588",2
"5589",10
"5590",9
"5591",9
"5592",3
"5593",5
"5594",9
"5595",8
"5596",2
"5597",10
"5598",8
"5599",9
"5600",9
"5601",5
"5602",9
"5603",5
"5604",8
"5605",10
"5606",10
"5607",10
"5608",10
"5609",10
"5610",10
"5611",5
"5612",10
"5613",10
"5614",10
"5615",5
"5616",9
"5617",5
"5618",10
"5619",10
"5620",10
"5621",7
"5622",3
"5623",7
"5624",7
"5625",8
"5626",9
"5627",9
"5628",9
"5629",7
"5630",9
"5631",9
"5632",4
"5633",5
"5634",2
"5635",9
"5636",4
"5637",5
"5638",5
"5639",2
"5640",4
"5641",4
"5642",4
"5643",2
"5644",9
"5645",5
"5646",5
"5647",5
"5648",5
"5649",3
"5650",10
"5651",9
"5652",4
"5653",2
"5654",2
"5655",8
"5656",2
"5657",2
"5658",5
"5659",10
"5660",10
"5661",5
"5662",5
"5663",5
"5664",5
"5665",2
"5666",2
"5667",5
"5668",5
"5669",2
"5670",9
"5671",2
"5672",10
"5673",7
"5674",7
"5675",7
"5676",7
"5677",7
"5678",7
"5679",7
"5680",7
"5681",9
"5682",2
"5683",9
"5684",7
"5685",5
"5686",1
"5687",1
"5688",7
"5689",9
"5690",1
"5691",7
"5692",8
"5693",8
"5694",7
"5695",7
"5696",10
"5697",5
"5698",7
"5699",9
"5700",5
"5701",5
"5702",2
"5703",5
"5704",5
"5705",5
"5706",9
"5707",2
"5708",9
"5709",2
"5710",4
"5711",5
"5712",2
"5713",9
"5714",8
"5715",9
"5716",1
"5717",7
"5718",10
"5719",9
"5720",8
"5721",1
"5722",5
"5723",9
"5724",7
"5725",9
"5726",5
"5727",2
"5728",5
"5729",1
"5730",9
"5731",1
"5732",8
"5733",1
"5734",4
"5735",3
"5736",1
"5737",4
"5738",10
"5739",5
"5740",9
"5741",8
"5742",10
"5743",10
"5744",9
"5745",10
"5746",10
"5747",9
"5748",5
"5749",10
"5750",1
"5751",1
"5752",10
"5753",10
"5754",10
"5755",10
"5756",9
"5757",10
"5758",10
"5759",9
"5760",10
"5761",10
"5762",3
"5763",10
"5764",10
"5765",10
"5766",10
"5767",9
"5768",5
"5769",4
"5770",4
"5771",1
"5772",5
"5773",4
"5774",2
"5775",7
"5776",4
"5777",7
"5778",7
"5779",4
"5780",5
"5781",1
"5782",9
"5783",2
"5784",10
"5785",10
"5786",10
"5787",10
"5788",4
"5789",5
"5790",5
"5791",10
"5792",1
"5793",9
"5794",4
"5795",4
"5796",10
"5797",2
"5798",5
"5799",4
"5800",5
"5801",3
"5802",10
"5803",10
"5804",1
"5805",9
"5806",9
"5807",1
"5808",10
"5809",9
"5810",9
"5811",7
"5812",3
"5813",7
"5814",3
"5815",4
"5816",4
"5817",3
"5818",4
"5819",7
"5820",4
"5821",4
"5822",4
"5823",4
"5824",3
"5825",3
"5826",4
"5827",4
"5828",1
"5829",4
"5830",4
"5831",4
"5832",3
"5833",1
"5834",1
"5835",1
"5836",1
"5837",4
"5838",1
"5839",4
"5840",4
"5841",3
"5842",1
"5843",1
"5844",3
"5845",4
"5846",3
"5847",1
"5848",1
"5849",1
"5850",4
"5851",3
"5852",1
"5853",1
"5854",5
"5855",2
"5856",8
"5857",9
"5858",9
"5859",8
"5860",7
"5861",8
"5862",7
"5863",7
"5864",2
"5865",2
"5866",2
"5867",3
"5868",3
"5869",4
"5870",3
"5871",4
"5872",3
"5873",5
"5874",5
"5875",1
"5876",5
"5877",5
"5878",5
"5879",1
"5880",5
"5881",4
"5882",5
"5883",1
"5884",3
"5885",2
"5886",3
"5887",4
"5888",4
"5889",3
"5890",4
"5891",3
"5892",2
"5893",2
"5894",1
"5895",2
"5896",2
"5897",8
"5898",1
"5899",4
"5900",3
"5901",4
"5902",4
"5903",4
"5904",4
"5905",1
"5906",4
"5907",4
"5908",4
"5909",4
"5910",5
"5911",1
"5912",1
"5913",4
"5914",2
"5915",5
"5916",3
"5917",3
"5918",7
"5919",7
"5920",10
"5921",3
"5922",7
"5923",1
"5924",7
"5925",4
"5926",7
"5927",8
"5928",2
"5929",3
"5930",8
"5931",5
"5932",2
"5933",5
"5934",5
"5935",9
"5936",8
"5937",2
"5938",2
"5939",9
"5940",2
"5941",9
"5942",2
"5943",8
"5944",2
"5945",10
"5946",2
"5947",8
"5948",4
"5949",4
"5950",4
"5951",4
"5952",3
"5953",4
"5954",7
"5955",8
"5956",4
"5957",4
"5958",4
"5959",4
"5960",1
"5961",7
"5962",4
"5963",4
"5964",1
"5965",3
"5966",3
"5967",5
"5968",4
"5969",8
"5970",4
"5971",1
"5972",1
"5973",4
"5974",1
"5975",10
"5976",2
"5977",9
"5978",5
"5979",9
"5980",5
"5981",5
"5982",10
"5983",2
"5984",9
"5985",1
"5986",5
"5987",3
"5988",2
"5989",5
"5990",5
"5991",5
"5992",9
"5993",4
"5994",4
"5995",1
"5996",5
"5997",9
"5998",9
"5999",10
"6000",10
"6001",2
"6002",8
"6003",8
"6004",5
"6005",5
"6006",10
"6007",8
"6008",10
"6009",9
"6010",9
"6011",5
"6012",2
"6013",9
"6014",5
"6015",10
"6016",10
"6017",10
"6018",9
"6019",5
"6020",8
"6021",8
"6022",9
"6023",9
"6024",10
"6025",5
"6026",5
"6027",4
"6028",3
"6029",4
"6030",9
"6031",4
"6032",4
"6033",1
"6034",1
"6035",4
"6036",4
"6037",4
"6038",4
"6039",2
"6040",4
"6041",4
"6042",2
"6043",10
"6044",4
"6045",9
"6046",4
"6047",4
"6048",1
"6049",3
"6050",4
"6051",5
"6052",2
"6053",3
"6054",3
"6055",4
"6056",4
"6057",4
"6058",9
"6059",3
"6060",3
"6061",4
"6062",2
"6063",4
"6064",4
"6065",5
"6066",5
"6067",3
"6068",3
"6069",2
"6070",3
"6071",2
"6072",1
"6073",2
"6074",3
"6075",4
"6076",5
"6077",2
"6078",4
"6079",3
"6080",3
"6081",3
"6082",3
"6083",3
"6084",3
"6085",3
"6086",3
"6087",4
"6088",4
"6089",4
"6090",4
"6091",4
"6092",5
"6093",1
"6094",4
"6095",3
"6096",10
"6097",4
"6098",3
"6099",10
"6100",10
"6101",3
"6102",5
"6103",5
"6104",10
"6105",10
"6106",3
"6107",10
"6108",5
"6109",7
"6110",8
"6111",5
"6112",8
"6113",2
"6114",2
"6115",3
"6116",3
"6117",9
"6118",2
"6119",4
"6120",5
"6121",4
"6122",4
"6123",9
"6124",8
"6125",9
"6126",3
"6127",4
"6128",4
"6129",8
"6130",2
"6131",2
"6132",3
"6133",3
"6134",9
"6135",2
"6136",4
"6137",5
"6138",4
"6139",4
"6140",9
"6141",8
"6142",9
"6143",3
"6144",4
"6145",4
"6146",7
"6147",7
"6148",9
"6149",4
"6150",10
"6151",3
"6152",9
"6153",10
"6154",10
"6155",10
"6156",9
"6157",2
"6158",4
"6159",10
"6160",8
"6161",3
"6162",4
"6163",2
"6164",4
"6165",4
"6166",3
"6167",10
"6168",4
"6169",9
"6170",9
"6171",4
"6172",10
"6173",3
"6174",9
"6175",5
"6176",10
"6177",2
"6178",5
"6179",5
"6180",10
"6181",3
"6182",3
"6183",4
"6184",2
"6185",9
"6186",10
"6187",10
"6188",9
"6189",9
"6190",1
"6191",5
"6192",10
"6193",10
"6194",1
"6195",9
"6196",5
"6197",1
"6198",5
"6199",5
"6200",5
"6201",9
"6202",9
"6203",10
"6204",5
"6205",5
"6206",2
"6207",10
"6208",5
"6209",10
"6210",5
"6211",10
"6212",10
"6213",1
"6214",1
"6215",4
"6216",5
"6217",5
"6218",2
"6219",2
"6220",9
"6221",8
"6222",2
"6223",2
"6224",2
"6225",2
"6226",2
"6227",2
"6228",2
"6229",2
"6230",2
"6231",9
"6232",10
"6233",2
"6234",2
"6235",2
"6236",8
"6237",9
"6238",10
"6239",10
"6240",10
"6241",10
"6242",9
"6243",10
"6244",10
"6245",5
"6246",9
"6247",9
"6248",9
"6249",9
"6250",9
"6251",9
"6252",9
"6253",9
"6254",2
"6255",10
"6256",9
"6257",2
"6258",10
"6259",5
"6260",10
"6261",9
"6262",9
"6263",2
"6264",2
"6265",9
"6266",9
"6267",9
"6268",10
"6269",9
"6270",9
"6271",9
"6272",10
"6273",9
"6274",2
"6275",9
"6276",10
"6277",5
"6278",10
"6279",2
"6280",5
"6281",10
"6282",9
"6283",10
"6284",10
"6285",10
"6286",4
"6287",4
"6288",9
"6289",2
"6290",5
"6291",1
"6292",2
"6293",8
"6294",1
"6295",7
"6296",5
"6297",5
"6298",2
"6299",2
"6300",2
"6301",2
"6302",2
"6303",10
"6304",2
"6305",10
"6306",9
"6307",5
"6308",10
"6309",9
"6310",7
"6311",7
"6312",1
"6313",2
"6314",7
"6315",8
"6316",2
"6317",8
"6318",5
"6319",2
"6320",5
"6321",9
"6322",5
"6323",9
"6324",3
"6325",3
"6326",5
"6327",9
"6328",4
"6329",1
"6330",1
"6331",1
"6332",3
"6333",4
"6334",4
"6335",4
"6336",1
"6337",1
"6338",1
"6339",1
"6340",1
"6341",4
"6342",6
"6343",4
"6344",4
"6345",4
"6346",7
"6347",4
"6348",4
"6349",4
"6350",10
"6351",10
"6352",10
"6353",5
"6354",10
"6355",10
"6356",10
"6357",9
"6358",9
"6359",9
"6360",5
"6361",10
"6362",10
"6363",10
"6364",9
"6365",5
"6366",5
"6367",10
"6368",9
"6369",9
"6370",10
"6371",5
"6372",9
"6373",9
"6374",9
"6375",9
"6376",10
"6377",9
"6378",2
"6379",5
"6380",10
"6381",9
"6382",10
"6383",10
"6384",10
"6385",5
"6386",9
"6387",9
"6388",9
"6389",9
"6390",10
"6391",5
"6392",9
"6393",4
"6394",1
"6395",1
"6396",1
"6397",3
"6398",4
"6399",4
"6400",4
"6401",1
"6402",1
"6403",1
"6404",1
"6405",1
"6406",4
"6407",6
"6408",4
"6409",4
"6410",4
"6411",7
"6412",4
"6413",4
"6414",4
"6415",10
"6416",5
"6417",10
"6418",10
"6419",10
"6420",9
"6421",9
"6422",2
"6423",3
"6424",3
"6425",8
"6426",4
"6427",4
"6428",1
"6429",4
"6430",1
"6431",10
"6432",10
"6433",2
"6434",5
"6435",9
"6436",5
"6437",2
"6438",4
"6439",10
"6440",5
"6441",4
"6442",2
"6443",4
"6444",2
"6445",5
"6446",2
"6447",1
"6448",10
"6449",5
"6450",5
"6451",7
"6452",7
"6453",8
"6454",8
"6455",9
"6456",5
"6457",5
"6458",5
"6459",10
"6460",10
"6461",5
"6462",10
"6463",5
"6464",10
"6465",5
"6466",5
"6467",4
"6468",10
"6469",10
"6470",5
"6471",2
"6472",8
"6473",9
"6474",8
"6475",4
"6476",4
"6477",4
"6478",4
"6479",2
"6480",4
"6481",4
"6482",4
"6483",4
"6484",4
"6485",4
"6486",4
"6487",5
"6488",2
"6489",4
"6490",4
"6491",3
"6492",4
"6493",4
"6494",4
"6495",4
"6496",7
"6497",9
"6498",2
"6499",9
"6500",2
"6501",7
"6502",4
"6503",5
"6504",9
"6505",10
"6506",9
"6507",5
"6508",10
"6509",9
"6510",10
"6511",8
"6512",5
"6513",10
"6514",5
"6515",2
"6516",2
"6517",9
"6518",9
"6519",10
"6520",7
"6521",5
"6522",9
"6523",5
"6524",4
"6525",9
"6526",10
"6527",1
"6528",9
"6529",9
"6530",7
"6531",8
"6532",7
"6533",8
"6534",4
"6535",9
"6536",2
"6537",3
"6538",5
"6539",5
"6540",8
"6541",4
"6542",4
"6543",3
"6544",4
"6545",2
"6546",3
"6547",3
"6548",1
"6549",3
"6550",3
"6551",4
"6552",1
"6553",3
"6554",4
"6555",3
"6556",3
"6557",3
"6558",4
"6559",4
"6560",1
"6561",4
"6562",3
"6563",3
"6564",3
"6565",3
"6566",3
"6567",1
"6568",4
"6569",4
"6570",4
"6571",1
"6572",4
"6573",1
"6574",1
"6575",1
"6576",1
"6577",1
"6578",4
"6579",3
"6580",3
"6581",1
"6582",4
"6583",3
"6584",3
"6585",3
"6586",1
"6587",3
"6588",3
"6589",3
"6590",5
"6591",3
"6592",5
"6593",1
"6594",1
"6595",8
"6596",9
"6597",9
"6598",8
"6599",5
"6600",5
"6601",5
"6602",10
"6603",10
"6604",3
"6605",2
"6606",3
"6607",5
"6608",2
"6609",2
"6610",4
"6611",2
"6612",5
"6613",5
"6614",5
"6615",2
"6616",9
"6617",3
"6618",9
"6619",2
"6620",10
"6621",4
"6622",9
"6623",2
"6624",3
"6625",5
"6626",5
"6627",5
"6628",5
"6629",5
"6630",2
"6631",2
"6632",5
"6633",4
"6634",4
"6635",10
"6636",10
"6637",9
"6638",5
"6639",5
"6640",5
"6641",5
"6642",9
"6643",10
"6644",10
"6645",5
"6646",9
"6647",10
"6648",10
"6649",5
"6650",10
"6651",9
"6652",9
"6653",9
"6654",2
"6655",2
"6656",9
"6657",9
"6658",9
"6659",3
"6660",2
"6661",9
"6662",8
"6663",8
"6664",3
"6665",9
"6666",4
"6667",1
"6668",4
"6669",4
"6670",1
"6671",1
"6672",1
"6673",10
"6674",9
"6675",2
"6676",9
"6677",5
"6678",10
"6679",2
"6680",9
"6681",10
"6682",5
"6683",9
"6684",10
"6685",9
"6686",9
"6687",9
"6688",8
"6689",7
"6690",1
"6691",7
"6692",8
"6693",7
"6694",10
"6695",9
"6696",9
"6697",9
"6698",9
"6699",2
"6700",9
"6701",10
"6702",8
"6703",5
"6704",5
"6705",10
"6706",10
"6707",5
"6708",2
"6709",8
"6710",2
"6711",2
"6712",8
"6713",10
"6714",9
"6715",9
"6716",9
"6717",5
"6718",10
"6719",5
"6720",5
"6721",9
"6722",3
"6723",4
"6724",2
"6725",2
"6726",3
"6727",3
"6728",7
"6729",8
"6730",8
"6731",8
"6732",7
"6733",7
"6734",7
"6735",8
"6736",7
"6737",7
"6738",1
"6739",4
"6740",9
"6741",4
"6742",4
"6743",4
"6744",1
"6745",4
"6746",4
"6747",8
"6748",3
"6749",1
"6750",5
"6751",9
"6752",1
"6753",4
"6754",1
"6755",2
"6756",7
"6757",7
"6758",1
"6759",8
"6760",1
"6761",4
"6762",1
"6763",4
"6764",7
"6765",1
"6766",1
"6767",1
"6768",1
"6769",7
"6770",9
"6771",9
"6772",1
"6773",1
"6774",1
"6775",4
"6776",4
"6777",1
"6778",1
"6779",7
"6780",7
"6781",2
"6782",1
"6783",4
"6784",1
"6785",1
"6786",2
"6787",1
"6788",1
"6789",1
"6790",4
"6791",7
"6792",4
"6793",10
"6794",8
"6795",9
"6796",8
"6797",10
"6798",8
